date,code,name,rsi,rsi_signal,macd,macd_signal_line,macd_histogram,macd_cross,bb_upper,bb_lower,bb_mid,bb_percent_b,bb_position,verdict_score,verdict_label,bars_used,warmup_insufficient,unavailable_reasons
2026-08-25,005930,삼성전자,49.24,neutral,-639.37,-5627.01,4987.64,,289336.16,203863.84,246600.0,0.6217,inside,0,중립,267,false,
2026-08-25,000660,SK하이닉스,48.94,neutral,-71585.28,-116380.49,44795.21,,1831584.83,1306115.17,1568850.0,0.6944,inside,0,중립,267,false,
2026-08-25,005935,삼성전자우,51.53,neutral,1799.89,-976.23,2776.12,,207469.55,151040.45,179255.0,0.678,inside,0,중립,267,false,
2026-08-25,402340,SK스퀘어,47.98,neutral,-35383.42,-60225.11,24841.68,,1223013.99,824086.01,1023550.0,0.6315,inside,0,중립,267,false,
2026-08-25,009150,삼성전기,47.35,neutral,-17748.54,-39824.86,22076.33,,1594178.3,956521.7,1275350.0,0.5669,inside,0,중립,267,false,
2026-08-25,005380,현대차,46.76,neutral,-7949.13,-14402.88,6453.75,,450974.32,352275.68,401625.0,0.6254,inside,0,중립,267,false,
2026-08-25,373220,LG에너지솔루션,54.43,neutral,3878.01,1790.26,2087.75,,383996.34,302803.66,343400.0,0.7291,inside,0,중립,267,false,
2026-08-25,207940,삼성바이오로직스,58.07,neutral,36135.7,37442.08,-1306.38,,1619789.24,1445910.76,1532850.0,0.7309,inside,0,중립,267,false,
2026-08-25,028260,삼성물산,50.64,neutral,9.32,-7348.12,7357.44,,398191.49,288508.51,343350.0,0.6928,inside,0,중립,267,false,
2026-08-25,105560,KB금융,44.13,neutral,-1312.11,-339.34,-972.77,,175578.55,159751.45,167665.0,0.2116,inside,0,중립,267,false,
2026-08-25,032830,삼성생명,45.57,neutral,-8970.33,-13491.75,4521.42,,323959.31,258290.69,291125.0,0.4143,inside,0,중립,267,false,
2026-08-25,012450,한화에어로스페이스,53.72,neutral,38970.47,31280.35,7690.13,,1288031.03,799768.97,1043900.0,0.6251,inside,0,중립,267,false,
2026-08-25,000270,기아,44.24,neutral,-2261.51,-2671.63,410.12,,142688.24,120731.76,131710.0,0.4904,inside,0,중립,267,false,
2026-08-25,055550,신한지주,48.46,neutral,282.14,621.84,-339.7,,109770.09,98269.91,104020.0,0.4374,inside,0,중립,267,false,
2026-08-25,329180,HD현대중공업,39.48,neutral,-13761.33,-12977.61,-783.72,dead,533926.84,432123.16,483025.0,0.2296,inside,-1,중립,267,false,
2026-08-25,034020,두산에너빌리티,44.76,neutral,-388.98,-698.98,310.0,,86676.69,60603.31,73640.0,0.4755,inside,0,중립,267,false,
2026-08-25,012330,현대모비스,49.0,neutral,1500.54,-474.5,1975.03,,545299.69,438450.31,491875.0,0.562,inside,0,중립,267,false,
2026-08-25,068270,셀트리온,54.76,neutral,4449.3,5383.53,-934.24,,210295.01,174894.99,192595.0,0.5397,inside,0,중립,267,false,
2026-08-25,006400,삼성SDI,59.3,neutral,14494.62,5963.31,8531.31,,547607.23,347742.77,447675.0,0.8369,inside,0,중립,267,false,
2026-08-25,034730,SK,47.16,neutral,-9743.96,-17347.58,7603.62,,618161.75,468088.25,543125.0,0.5391,inside,0,중립,267,false,
2026-08-25,086790,하나금융지주,50.76,neutral,439.53,896.44,-456.91,,135484.44,120935.56,128210.0,0.5337,inside,0,중립,267,false,
2026-08-25,035420,NAVER,55.11,neutral,3763.06,3334.47,428.59,,235543.15,196826.85,216185.0,0.6889,inside,0,중립,267,false,
2026-08-25,066570,LG전자,54.41,neutral,4790.84,1989.69,2801.15,,224808.56,141081.44,182945.0,0.7013,inside,0,중립,267,false,
2026-08-25,010120,LS ELECTRIC,46.47,neutral,-1772.03,-1776.92,4.9,,228236.78,162293.22,195265.0,0.455,inside,0,중립,267,false,
2026-08-25,000810,삼성화재,51.14,neutral,29.41,-1679.62,1709.03,,660885.26,593114.74,627000.0,0.6328,inside,0,중립,267,false,
2026-08-25,010130,고려아연,64.51,neutral,50621.86,30785.31,19836.55,,1380771.45,880828.55,1130800.0,0.9264,inside,0,중립,267,false,
2026-08-25,298040,효성중공업,49.0,neutral,-2086.61,-27627.3,25540.69,,3329137.05,2053962.95,2691550.0,0.5788,inside,0,중립,267,false,
2026-08-25,267260,HD현대일렉트릭,42.59,neutral,-23437.68,-29213.87,5776.19,,855635.19,607664.81,731650.0,0.453,inside,0,중립,267,false,
2026-08-25,005490,POSCO홀딩스,52.69,neutral,8.79,-1088.11,1096.9,,342419.46,292630.54,317525.0,0.7003,inside,0,중립,267,false,
2026-08-25,042660,한화오션,43.35,neutral,-1409.16,-1483.01,73.85,,97708.16,76941.84,87325.0,0.311,inside,0,중립,267,false,
2026-08-25,009540,HD한국조선해양,43.93,neutral,-1975.97,2058.39,-4034.36,,412965.81,337184.19,375075.0,0.2153,inside,0,중립,267,false,
2026-08-25,316140,우리금융지주,46.63,neutral,232.2,511.21,-279.01,,34742.56,31362.44,33052.5,0.1738,inside,0,중립,267,false,
2026-08-25,096770,SK이노베이션,60.39,neutral,4596.88,3917.36,679.52,,135362.64,103237.36,119300.0,0.8362,inside,0,중립,267,false,
2026-08-25,017670,SK텔레콤,62.07,neutral,2859.21,1179.94,1679.28,,106546.17,74783.83,90665.0,0.8663,inside,0,중립,267,false,
2026-08-25,011200,HMM,62.82,neutral,479.72,424.12,55.6,golden,22655.88,19894.12,21275.0,1.0703,above_upper,0,중립,267,false,
2026-08-25,015760,한국전력,36.51,neutral,-1085.11,-810.08,-275.03,,37314.19,30575.81,33945.0,0.1372,inside,0,중립,267,false,
2026-08-25,042700,한미반도체,46.37,neutral,-2270.35,-5207.83,2937.47,,242858.04,170141.96,206500.0,0.5344,inside,0,중립,267,false,
2026-08-25,006800,미래에셋증권,43.9,neutral,-1283.29,-1708.85,425.56,,38926.25,30773.75,34850.0,0.4877,inside,0,중립,267,false,
2026-08-25,138040,메리츠금융지주,45.22,neutral,-15.07,1166.57,-1181.64,,127796.99,112363.01,120080.0,0.1968,inside,0,중립,267,false,
2026-08-25,051910,LG화학,52.08,neutral,-1484.74,-2895.71,1410.97,,289358.22,234841.78,262100.0,0.6999,inside,0,중립,267,false,
2026-08-25,033780,KT&G,43.99,neutral,-1329.91,-350.7,-979.21,,188372.94,168907.06,178640.0,0.2205,inside,0,중립,267,false,
2026-08-25,010140,삼성중공업,39.12,neutral,-590.92,-523.31,-67.61,,23151.97,19538.03,21345.0,0.1555,inside,0,중립,267,false,
2026-08-25,018260,삼성에스디에스,54.09,neutral,6722.51,6860.58,-138.07,dead,250530.93,194069.07,222300.0,0.601,inside,-1,중립,267,false,
2026-08-25,000150,두산,40.67,neutral,-39193.31,-37390.52,-1802.8,dead,1375524.76,969375.24,1172450.0,0.2847,inside,-1,중립,267,false,
2026-08-25,003550,LG,58.18,neutral,2825.66,2259.98,565.68,,120425.55,91104.45,105765.0,0.7638,inside,0,중립,267,false,
2026-08-25,267250,HD현대,45.86,neutral,2284.61,2606.96,-322.35,dead,244468.09,186621.91,215545.0,0.4387,inside,-1,중립,267,false,
2026-08-25,024110,기업은행,46.25,neutral,-182.09,-174.05,-8.04,,20963.74,19716.26,20340.0,0.3878,inside,0,중립,267,false,
2026-08-25,010950,S-Oil,54.29,neutral,4592.31,4565.12,27.19,,155335.69,117014.31,136175.0,0.6311,inside,0,중립,267,false,
2026-08-25,035720,카카오,42.45,neutral,146.32,491.41,-345.09,,41279.73,34605.27,37942.5,0.179,inside,0,중립,267,false,
2026-08-25,079550,LIG디펜스앤에어로스페이스,46.29,neutral,3523.47,7024.11,-3500.64,dead,870885.95,619814.05,745350.0,0.3871,inside,-1,중립,267,false,
2026-08-25,278470,에이피알,61.64,neutral,7367.08,3600.29,3766.78,,427586.75,310963.25,369275.0,0.8449,inside,0,중립,267,false,
2026-08-25,003670,포스코퓨처엠,57.56,neutral,2166.07,-520.35,2686.42,,179565.33,122854.67,151210.0,0.8472,inside,0,중립,267,false,
2026-08-25,086280,현대글로비스,48.2,neutral,768.99,1286.41,-517.42,,212746.13,189323.87,201035.0,0.4046,inside,0,중립,267,false,
2026-08-25,064350,현대로템,41.59,neutral,-7032.05,-7762.35,730.3,,156513.36,118626.64,137570.0,0.4111,inside,0,중립,267,false,
2026-08-25,011070,LG이노텍,43.98,neutral,-32959.31,-46353.2,13393.89,,674896.0,444004.0,559450.0,0.5457,inside,0,중립,267,false,
2026-08-25,272210,한화시스템,46.89,neutral,705.39,236.01,469.38,,85563.85,54296.15,69930.0,0.5054,inside,0,중립,267,false,
2026-08-25,030200,KT,46.79,neutral,-248.39,-249.47,1.07,,54395.08,51434.92,52915.0,0.3598,inside,0,중립,267,false,
2026-08-25,047810,한국항공우주,43.07,neutral,-2929.05,-1804.16,-1124.89,,160425.84,116484.16,138455.0,0.3235,inside,0,중립,267,false,
2026-08-25,307950,현대오토에버,53.34,neutral,1310.29,-9067.23,10377.53,,504728.39,321421.61,413075.0,0.7424,inside,0,중립,267,false,
2026-08-25,005830,DB손해보험,62.37,neutral,6616.12,5108.88,1507.24,,186792.53,145617.47,166205.0,0.8472,inside,0,중립,267,false,
2026-08-25,000720,현대건설,47.35,neutral,808.69,241.77,566.92,,125736.38,84893.62,105315.0,0.507,inside,0,중립,267,false,
2026-08-25,078930,GS,67.44,neutral,9049.41,7897.94,1151.47,,125204.1,76445.9,100825.0,0.7825,inside,0,중립,267,false,
2026-08-25,003230,삼양식품,64.7,neutral,55487.86,39780.43,15707.43,,1405235.24,1114064.76,1259650.0,0.9958,inside,0,중립,267,false,
2026-08-25,259960,크래프톤,42.72,neutral,-3916.77,-2098.66,-1818.11,,256075.72,216074.28,236075.0,0.1981,inside,0,중립,267,false,
2026-08-25,323410,카카오뱅크,46.82,neutral,-150.48,-108.05,-42.43,,22469.58,21065.42,21767.5,0.3807,inside,0,중립,267,false,
2026-08-25,071050,한국금융지주,40.06,neutral,-8348.88,-7772.69,-576.19,,214465.29,175964.71,195215.0,0.1905,inside,0,중립,267,false,
2026-08-25,005940,NH투자증권,37.96,neutral,-825.51,-677.59,-147.92,,29682.4,25512.6,27597.5,0.1049,inside,0,중립,267,false,
2026-08-25,003490,대한항공,48.93,neutral,-224.39,-180.76,-43.63,,27635.76,24409.24,26022.5,0.493,inside,0,중립,267,false,
2026-08-25,047050,포스코인터내셔널,50.81,neutral,-268.96,-56.01,-212.95,,58051.92,48233.08,53142.5,0.5466,inside,0,중립,267,false,
2026-08-25,443060,HD현대마린솔루션,53.91,neutral,154.65,-1653.82,1808.47,,214039.66,177910.34,195975.0,0.7913,inside,0,중립,267,false,
2026-08-25,0126Z0,삼성에피스홀딩스,44.31,neutral,-6134.61,-3389.2,-2745.41,,436614.22,337535.78,387075.0,0.3125,inside,0,중립,183,false,
2026-08-25,006260,LS,43.29,neutral,-3087.47,-3536.28,448.81,,369755.68,236844.32,303300.0,0.3886,inside,0,중립,267,false,
2026-08-25,028050,삼성E&A,44.83,neutral,398.46,670.75,-272.29,,52606.94,40933.06,46770.0,0.3312,inside,0,중립,267,false,
2026-08-25,161390,한국타이어앤테크놀로지,46.16,neutral,-336.05,32.4,-368.45,,72283.98,64066.02,68175.0,0.3327,inside,0,중립,267,false,
2026-08-25,090430,아모레퍼시픽,62.36,neutral,4370.86,4474.47,-103.61,,144850.28,121109.72,132980.0,0.7915,inside,0,중립,267,false,
2026-08-25,180640,한진칼,55.14,neutral,581.52,301.75,279.76,,126593.69,107416.31,117005.0,0.7344,inside,0,중립,267,false,
2026-08-25,016360,삼성증권,39.37,neutral,-4236.29,-4337.3,101.01,,101681.33,84448.67,93065.0,0.1248,inside,0,중립,267,false,
2026-08-25,352820,하이브,42.74,neutral,-7784.89,-8056.52,271.63,golden,204085.15,153644.85,178865.0,0.4154,inside,1,중립,267,false,
2026-08-25,007660,이수페타시스,55.49,neutral,2074.99,-872.88,2947.87,,113433.45,60026.55,86730.0,0.7597,inside,0,중립,267,false,
2026-08-25,009830,한화솔루션,50.08,neutral,945.79,712.42,233.37,,40516.79,21018.21,30767.5,0.5709,inside,0,중립,267,false,
2026-08-25,039490,키움증권,40.75,neutral,-11091.95,-10735.68,-356.28,dead,312259.92,253040.08,282650.0,0.2442,inside,-1,중립,267,false,
2026-08-25,064400,LG씨엔에스,50.08,neutral,586.96,156.67,430.29,,82985.84,57494.16,70240.0,0.5808,inside,0,중립,267,false,
2026-08-25,128940,한미약품,76.43,overbought,14777.12,2052.58,12724.54,,480884.96,295865.04,388375.0,1.3195,above_upper,-2,매도 우위,267,false,
2026-08-25,021240,코웨이,57.02,neutral,1060.35,1033.48,26.87,golden,99319.25,89510.75,94415.0,0.8145,inside,1,중립,267,false,
2026-08-25,005387,현대차2우B,44.15,neutral,-2111.91,-2716.51,604.6,,214605.31,180744.69,197675.0,0.4269,inside,0,중립,267,false,
2026-08-25,326030,SK바이오팜,54.4,neutral,1029.2,798.04,231.16,,91994.59,75215.41,83605.0,0.6666,inside,0,중립,267,false,
2026-08-25,000100,유한양행,62.69,neutral,2720.9,2343.85,377.05,,88382.78,68467.22,78425.0,0.795,inside,0,중립,267,false,
2026-08-25,047040,대우건설,45.39,neutral,-48.9,-189.07,140.16,,19877.89,11520.11,15699.0,0.5073,inside,0,중립,267,false,
2026-08-25,032640,LG유플러스,50.32,neutral,18.33,35.83,-17.5,,15397.42,14379.58,14888.5,0.4818,inside,0,중립,267,false,
2026-08-25,267270,HD건설기계,47.2,neutral,-1152.44,428.52,-1580.96,,149931.4,112058.6,130995.0,0.3972,inside,0,중립,267,false,
2026-08-25,377300,카카오페이,54.56,neutral,535.35,444.46,90.9,,46437.29,39552.71,42995.0,0.7622,inside,0,중립,267,false,
2026-08-25,000880,한화,35.4,neutral,-3277.49,-4164.98,887.49,,89050.92,79849.08,84450.0,0.4294,inside,0,중립,267,false,
2026-08-25,241560,두산밥캣,44.66,neutral,-644.42,-187.55,-456.87,,67409.25,56740.75,62075.0,0.3055,inside,0,중립,267,false,
2026-08-25,029780,삼성카드,43.44,neutral,-380.75,-279.17,-101.58,,49132.2,45397.8,47265.0,0.2416,inside,0,중립,267,false,
2026-08-25,001440,대한전선,44.54,neutral,-614.39,-898.42,284.03,,32111.17,21623.83,26867.5,0.484,inside,0,중립,267,false,
2026-08-25,353200,대덕전자,45.37,neutral,-2307.48,-3827.96,1520.49,,125887.7,80382.3,103135.0,0.5322,inside,0,중립,267,false,
2026-08-25,175330,JB금융지주,49.76,neutral,151.5,361.02,-209.52,,29483.09,25791.91,27637.5,0.395,inside,0,중립,267,false,
2026-08-25,271560,오리온,45.63,neutral,-1573.26,-731.21,-842.04,,140102.99,123017.01,131560.0,0.3092,inside,0,중립,267,false,
2026-08-25,062040,산일전기,45.17,neutral,-2446.8,-4325.67,1878.86,,203600.58,124449.42,164025.0,0.5136,inside,0,중립,267,false,
2026-08-25,010060,OCI홀딩스,55.67,neutral,15344.32,12627.07,2717.26,,324288.3,161281.7,242785.0,0.6608,inside,0,중립,267,false,
2026-08-25,066970,엘앤에프,67.26,neutral,4348.35,174.41,4173.94,,124108.0,57362.0,90735.0,0.9624,inside,0,중립,267,false,
2026-08-25,036570,NC,44.13,neutral,-3506.91,-2111.51,-1395.4,,255623.57,213976.43,234800.0,0.2887,inside,0,중립,267,false,
2026-08-25,034220,LG디스플레이,43.29,neutral,-258.31,-335.37,77.06,,10476.29,8631.71,9554.0,0.4978,inside,0,중립,267,false,
2026-08-25,051900,LG생활건강,64.89,neutral,14210.63,15278.54,-1067.91,,342519.35,255230.65,298875.0,0.6962,inside,0,중립,267,false,
2026-08-25,000500,가온전선,45.71,neutral,-7574.63,-10179.11,2604.49,,186516.61,118793.39,152655.0,0.5715,inside,0,중립,267,false,
2026-08-25,088980,맥쿼리인프라,45.75,neutral,-164.02,-156.89,-7.13,,10279.6,9408.4,9844.0,0.4265,inside,0,중립,267,false,
2026-08-25,005385,현대차우,45.46,neutral,-1941.06,-2918.59,977.53,,212680.44,180309.56,196495.0,0.4847,inside,0,중립,267,false,
2026-08-25,088350,한화생명,58.77,neutral,242.51,153.31,89.2,,5787.71,3747.79,4767.75,0.7315,inside,0,중립,267,false,
2026-08-25,454910,두산로보틱스,45.31,neutral,-886.69,-1638.72,752.03,,82770.65,56179.35,69475.0,0.5085,inside,0,중립,267,false,
2026-08-25,138930,BNK금융지주,32.67,neutral,-694.36,-683.99,-10.37,,16981.41,13267.59,15124.5,0.2941,inside,0,중립,267,false,
2026-08-25,001450,현대해상,72.51,overbought,3268.91,2255.46,1013.46,,52331.7,32163.3,42247.5,0.9141,inside,-1,중립,267,false,
2026-08-25,011790,SKC,48.75,neutral,-1504.04,-3046.66,1542.62,,95608.89,65451.11,80530.0,0.6515,inside,0,중립,267,false,
2026-08-25,002380,KCC,51.85,neutral,6769.74,-161.39,6931.13,,505585.08,347714.92,426650.0,0.6606,inside,0,중립,267,false,
2026-08-25,008930,한미사이언스,84.73,overbought,3921.91,3196.47,725.44,,53208.17,30531.83,41870.0,1.1452,above_upper,-2,매도 우위,267,false,
2026-08-25,000990,DB하이텍,41.14,neutral,-5242.25,-7054.07,1811.83,,105955.47,72934.53,89445.0,0.429,inside,0,중립,267,false,
2026-08-25,004170,신세계,35.61,neutral,-40831.88,-45788.15,4956.27,,480284.24,368815.76,424550.0,0.2842,inside,0,중립,267,false,
2026-08-25,082740,한화엔진,47.82,neutral,-467.5,-925.66,458.17,,50780.83,37294.17,44037.5,0.564,inside,0,중립,267,false,
2026-08-25,004020,현대제철,49.85,neutral,-7.93,-126.26,118.33,,30490.78,24474.22,27482.5,0.586,inside,0,중립,267,false,
2026-08-25,001040,CJ,41.61,neutral,-4895.41,-4390.31,-505.11,,148393.59,116246.41,132320.0,0.3407,inside,0,중립,267,false,
2026-08-25,018880,한온시스템,46.56,neutral,-39.97,-43.79,3.82,,3954.57,3114.43,3534.5,0.4887,inside,0,중립,267,false,
2026-08-25,085620,미래에셋생명,70.19,overbought,1887.23,770.27,1116.95,,26479.84,10834.16,18657.0,0.9757,inside,-1,중립,267,false,
2026-08-25,052690,한전기술,40.28,neutral,-2180.75,-2138.67,-42.07,dead,108202.39,81797.61,95000.0,0.322,inside,-1,중립,267,false,
2026-08-25,161890,한국콜마,72.92,overbought,10155.65,7203.03,2952.62,,149965.86,79504.14,114735.0,0.9054,inside,-1,중립,267,false,
2026-08-25,028670,팬오션,64.52,neutral,221.84,188.2,33.64,,6455.94,4825.06,5640.5,0.9166,inside,0,중립,267,false,
2026-08-25,036460,한국가스공사,60.48,neutral,692.09,627.16,64.93,,37422.73,33217.27,35320.0,0.7806,inside,0,중립,267,false,
2026-08-25,111770,영원무역,35.76,neutral,-2193.46,-250.05,-1943.41,,97723.25,73566.75,85645.0,0.0966,inside,0,중립,267,false,
2026-08-25,192820,코스맥스,83.41,overbought,23934.52,17426.33,6508.18,,285494.13,152265.87,218880.0,1.0038,above_upper,-2,매도 우위,267,false,
2026-08-25,103590,일진전기,50.32,neutral,916.86,-286.79,1203.65,,78975.74,44964.26,61970.0,0.6214,inside,0,중립,267,false,
2026-08-25,251270,넷마블,48.02,neutral,-89.1,73.92,-163.01,,41028.94,35821.06,38425.0,0.3992,inside,0,중립,267,false,
2026-08-25,022100,포스코DX,50.06,neutral,-139.29,-255.02,115.73,,22707.63,17414.37,20061.0,0.6018,inside,0,중립,267,false,
2026-08-25,009420,한올바이오파마,56.94,neutral,2184.93,1398.39,786.54,,67143.13,39251.87,53197.5,0.7367,inside,0,중립,267,false,
2026-08-25,035250,강원랜드,49.72,neutral,-61.73,-67.08,5.36,golden,14743.07,14197.93,14470.5,0.5358,inside,1,중립,267,false,
2026-08-25,011780,금호석유화학,47.9,neutral,614.61,1098.6,-483.98,,133275.0,108825.0,121050.0,0.4571,inside,0,중립,267,false,
2026-08-25,012750,에스원,61.88,neutral,1301.83,1026.13,275.7,,80173.24,69856.76,75015.0,0.9154,inside,0,중립,267,false,
2026-08-25,302440,SK바이오사이언스,58.26,neutral,429.65,133.35,296.3,,39120.38,32374.62,35747.5,0.8784,inside,0,중립,267,false,
2026-08-25,031210,서울보증보험,47.13,neutral,116.54,239.07,-122.54,,45179.08,41270.92,43225.0,0.3785,inside,0,중립,267,false,
2026-08-25,483650,달바글로벌,50.82,neutral,-194.86,2626.48,-2821.33,,267690.96,207209.04,237450.0,0.4182,inside,0,중립,267,false,
2026-08-25,006360,GS건설,56.01,neutral,1746.96,1551.97,194.99,,40627.71,21237.29,30932.5,0.653,inside,0,중립,267,false,
2026-08-25,017800,현대엘리베이터,55.92,neutral,610.51,185.75,424.75,,76191.07,65598.93,70895.0,0.7459,inside,0,중립,267,false,
2026-08-25,097950,CJ제일제당,49.66,neutral,-2081.33,-1435.61,-645.72,,205390.65,176089.35,190740.0,0.4611,inside,0,중립,267,false,
2026-08-25,007340,DN오토모티브,52.44,neutral,2762.62,3000.22,-237.6,dead,60116.23,32098.77,46107.5,0.5604,inside,-1,중립,267,false,
2026-08-25,004370,농심,71.28,overbought,20088.91,14705.47,5383.45,,452677.58,348822.42,400750.0,1.0272,above_upper,-2,매도 우위,267,false,
2026-08-25,023530,롯데쇼핑,30.28,neutral,-12068.19,-12857.83,789.63,,127929.56,87430.44,107680.0,0.2165,inside,0,중립,267,false,
2026-08-25,139130,iM금융지주,47.64,neutral,-86.07,-87.84,1.77,,18138.69,16128.31,17133.5,0.4883,inside,0,중립,267,false,
2026-08-25,375500,DL이앤씨,50.98,neutral,1650.27,1640.73,9.55,,81156.19,53433.81,67295.0,0.5471,inside,0,중립,267,false,
2026-08-25,450080,에코프로머티,50.05,neutral,-558.17,-1085.49,527.32,,41752.85,28712.15,35232.5,0.6624,inside,0,중립,267,false,
2026-08-25,026960,동서,55.09,neutral,135.92,186.44,-50.52,,26836.9,25058.1,25947.5,0.6701,inside,0,중립,267,false,
2026-08-25,004800,효성,47.58,neutral,810.65,2.69,807.96,,179915.4,127154.6,153535.0,0.5278,inside,0,중립,267,false,
2026-08-25,336260,두산퓨얼셀,51.21,neutral,-1264.73,-3090.01,1825.28,,45386.83,18933.17,32160.0,0.7642,inside,0,중립,267,false,
2026-08-25,001720,신영증권,50.6,neutral,1794.8,239.03,1555.77,,171873.86,127826.14,149850.0,0.6192,inside,0,중립,267,false,
2026-08-25,003690,코리안리,52.31,neutral,302.85,322.13,-19.27,dead,15472.78,13108.22,14290.5,0.5379,inside,-1,중립,267,false,
2026-08-25,489790,한화비전,50.81,neutral,1107.05,333.86,773.19,,60629.54,34185.46,47407.5,0.6094,inside,0,중립,267,false,
2026-08-25,282330,BGF리테일,61.84,neutral,5362.0,5161.78,200.23,,158687.49,114602.51,136645.0,0.7099,inside,0,중립,267,false,
2026-08-25,005850,에스엘,44.55,neutral,-510.72,-368.07,-142.65,,60975.54,49059.46,55017.5,0.3727,inside,0,중립,267,false,
2026-08-25,383220,F&F,38.74,neutral,-3338.42,-2986.99,-351.44,,80876.31,55913.69,68395.0,0.3039,inside,0,중립,267,false,
2026-08-25,204320,HL만도,50.69,neutral,1232.59,1016.29,216.29,,60340.37,39079.63,49710.0,0.5654,inside,0,중립,267,false,
2026-08-25,011170,롯데케미칼,41.08,neutral,-2053.0,-2169.57,116.57,,60912.13,52837.87,56875.0,0.2926,inside,0,중립,267,false,
2026-08-25,103140,풍산,59.84,neutral,3520.2,3519.69,0.51,golden,94380.08,57249.92,75815.0,0.672,inside,1,중립,267,false,
2026-08-25,004990,롯데지주,48.18,neutral,-119.05,-133.13,14.08,,24404.09,21720.91,23062.5,0.514,inside,0,중립,267,false,
2026-08-25,181710,NHN,68.02,neutral,9495.45,7083.41,2412.04,,84530.61,20469.39,52500.0,0.7732,inside,0,중립,267,false,
2026-08-25,000240,한국앤컴퍼니,42.85,neutral,-253.58,-8.65,-244.93,,26737.65,23312.35,25025.0,0.1716,inside,0,중립,267,false,
2026-08-25,007070,GS리테일,54.95,neutral,471.22,533.84,-62.62,,28893.85,23506.15,26200.0,0.6485,inside,0,중립,267,false,
2026-08-25,279570,케이뱅크,44.22,neutral,-65.0,-65.92,0.92,,5854.37,5393.63,5624.0,0.3394,inside,0,중립,117,false,
2026-08-25,081660,미스토홀딩스,44.33,neutral,-600.8,-250.67,-350.14,,46743.91,41021.09,43882.5,0.2235,inside,0,중립,267,false,
2026-08-25,009970,영원무역홀딩스,38.72,neutral,-4928.03,-1308.99,-3619.03,,215612.05,165327.95,190470.0,0.1327,inside,0,중립,267,false,
2026-08-25,014680,한솔케미칼,39.96,neutral,-9046.24,-8618.42,-427.82,,242712.81,184717.19,213715.0,0.3497,inside,0,중립,267,false,
2026-08-25,030000,제일기획,54.5,neutral,14.35,9.0,5.35,golden,19241.63,18612.37,18927.0,0.7908,inside,1,중립,267,false,
2026-08-25,018670,SK가스,52.56,neutral,2973.91,2415.91,557.99,,250934.44,205715.56,228325.0,0.6255,inside,0,중립,267,false,
2026-08-25,005440,현대지에프홀딩스,45.23,neutral,-411.67,-466.8,55.13,,12339.43,11108.57,11724.0,0.4724,inside,0,중립,267,false,
2026-08-25,073240,금호타이어,52.26,neutral,369.88,455.09,-85.21,,8658.04,5707.96,7183.0,0.5024,inside,0,중립,267,false,
2026-08-25,002790,아모레퍼시픽홀딩스,57.78,neutral,445.83,527.2,-81.36,,27496.26,24198.74,25847.5,0.6979,inside,0,중립,267,false,
2026-08-25,069960,현대백화점,27.08,oversold,-13824.88,-14295.97,471.09,,131774.65,83165.35,107470.0,0.2167,inside,1,중립,267,false,
2026-08-25,139480,이마트,34.27,neutral,-2376.9,-1674.86,-702.04,,84865.64,71394.36,78130.0,0.0895,inside,0,중립,267,false,
2026-08-25,112610,씨에스윈드,58.86,neutral,1571.22,953.75,617.46,,51021.68,34183.32,42602.5,0.7701,inside,0,중립,267,false,
2026-08-25,051600,한전KPS,44.14,neutral,-321.51,-210.18,-111.32,,47881.2,42698.8,45290.0,0.28,inside,0,중립,267,false,
2026-08-25,457190,이수스페셜티케미컬,52.06,neutral,162.11,-516.69,678.79,,73016.1,47318.9,60167.5,0.6569,inside,0,중립,267,false,
2026-08-25,462870,시프트업,48.66,neutral,-51.13,-79.7,28.57,,33688.88,29821.12,31755.0,0.5116,inside,0,중립,267,false,
2026-08-25,439260,대한조선,45.34,neutral,-169.74,-276.24,106.5,,54136.1,45523.9,49830.0,0.363,inside,0,중립,258,false,
2026-08-25,475150,SK이터닉스,49.73,neutral,918.71,1182.85,-264.14,,62745.39,42189.61,52467.5,0.5356,inside,0,중립,267,false,
2026-08-25,395400,SK리츠,50.58,neutral,22.4,17.19,5.2,,5873.45,5416.55,5645.0,0.5766,inside,0,중립,267,false,
2026-08-25,071970,HD현대마린엔진,40.21,neutral,-2021.33,-1701.46,-319.87,,63622.4,45487.6,54555.0,0.2543,inside,0,중립,267,false,
2026-08-25,020150,롯데에너지머티리얼즈,48.93,neutral,-923.7,-1491.21,567.51,,36464.98,24360.02,30412.5,0.6601,inside,0,중립,267,false,
2026-08-25,006040,동원산업,62.0,neutral,931.16,862.57,68.59,,39035.05,34219.95,36627.5,0.8473,inside,0,중립,267,false,
2026-08-25,000120,CJ대한통운,46.24,neutral,-509.46,-335.6,-173.85,,79487.38,70632.62,75060.0,0.369,inside,0,중립,267,false,
2026-08-25,089860,롯데렌탈,70.62,overbought,2869.89,2693.53,176.36,,48507.71,35547.29,42027.5,0.8219,inside,-1,중립,267,false,
2026-08-25,008770,호텔신라,40.88,neutral,-1359.04,-1525.14,166.1,,46656.67,40278.33,43467.5,0.3326,inside,0,중립,267,false,
2026-08-25,023590,다우기술,49.65,neutral,464.01,524.5,-60.49,dead,42128.48,34126.52,38127.5,0.5028,inside,-1,중립,267,false,
2026-08-25,011210,현대위아,46.02,neutral,-88.74,-121.79,33.05,,69486.13,52143.87,60815.0,0.4761,inside,0,중립,267,false,
2026-08-25,000155,두산우,42.73,neutral,-12040.78,-11022.34,-1018.44,,481277.42,366522.58,423900.0,0.2917,inside,0,중립,267,false,
2026-08-25,001800,오리온홀딩스,46.91,neutral,27.5,194.74,-167.24,,27967.12,24277.88,26122.5,0.3719,inside,0,중립,267,false,
2026-08-25,006280,녹십자,56.88,neutral,986.06,811.93,174.13,golden,136429.23,111000.77,123715.0,0.759,inside,1,중립,267,false,
2026-08-25,097230,HJ중공업,47.85,neutral,-11.83,-167.57,155.74,,19034.85,14097.15,16566.0,0.5494,inside,0,중립,267,false,
2026-08-25,00680K,미래에셋증권2우B,43.13,neutral,-326.93,-422.24,95.31,,12517.02,9913.98,11215.5,0.4441,inside,0,중립,267,false,
2026-08-25,120110,코오롱인더,40.15,neutral,-997.4,-914.76,-82.64,dead,60981.56,45173.44,53077.5,0.3243,inside,-1,중립,267,false,
2026-08-25,001430,세아베스틸지주,55.38,neutral,1466.73,1271.57,195.16,,47528.79,30821.21,39175.0,0.6571,inside,0,중립,267,false,
2026-08-25,001120,LX인터내셔널,52.98,neutral,166.74,19.85,146.9,,39641.61,34863.39,37252.5,0.6878,inside,0,중립,267,false,
2026-08-25,020560,아시아나항공,49.99,neutral,-34.3,-29.7,-4.6,,7415.42,6665.58,7040.5,0.5393,inside,0,중립,267,false,
2026-08-25,069620,대웅제약,51.46,neutral,-710.15,-410.06,-300.09,,132934.53,113935.47,123435.0,0.5613,inside,0,중립,267,false,
2026-08-25,294870,IPARK현대산업개발,56.93,neutral,624.38,693.18,-68.8,,23728.98,19095.02,21412.0,0.6053,inside,0,중립,267,false,
2026-08-25,322000,HD현대에너지솔루션,48.8,neutral,-524.38,-1566.28,1041.91,,143946.63,101713.37,122830.0,0.5466,inside,0,중립,267,false,
2026-08-25,298020,효성티앤씨,49.72,neutral,2936.05,4569.69,-1633.64,,350723.23,291876.77,321300.0,0.4354,inside,0,중립,267,false,
2026-08-25,001740,SK네트웍스,37.29,neutral,-362.27,-338.22,-24.05,,8432.74,6364.26,7398.5,0.201,inside,0,중립,267,false,
2026-08-25,009155,삼성전기우,46.98,neutral,-9313.67,-17562.15,8248.48,,552324.89,344125.11,448225.0,0.5662,inside,0,중립,267,false,
2026-08-25,007310,오뚜기,55.7,neutral,2208.48,2541.16,-332.67,,340675.59,312324.41,326500.0,0.7293,inside,0,중립,267,false,
2026-08-25,005070,코스모신소재,54.44,neutral,599.56,95.02,504.54,,44569.53,28095.47,36332.5,0.7196,inside,0,중립,267,false,
2026-08-25,007810,코리아써키트,42.48,neutral,-3104.87,-4521.63,1416.76,,70746.68,39338.32,55042.5,0.5082,inside,0,중립,267,false,
2026-08-25,229640,LS에코에너지,43.78,neutral,-783.1,-966.67,183.57,,52556.61,35703.39,44130.0,0.427,inside,0,중립,267,false,
2026-08-25,093370,후성,54.23,neutral,139.29,-259.35,398.64,,13968.8,6898.2,10433.5,0.7527,inside,0,중립,267,false,
2026-08-25,082640,동양생명,60.94,neutral,120.37,139.31,-18.94,,8381.86,8071.14,8226.5,0.5756,inside,0,중립,267,false,
2026-08-25,281820,케이씨텍,43.08,neutral,-4083.46,-4403.39,319.93,,77609.41,56510.59,67060.0,0.4024,inside,0,중립,267,false,
2026-08-25,012630,HDC,48.24,neutral,184.35,284.78,-100.43,,24039.42,18723.58,21381.5,0.4753,inside,0,중립,267,false,
2026-08-25,361610,SK아이이테크놀로지,53.35,neutral,-73.64,-189.88,116.24,,16229.57,12528.43,14379.0,0.7515,inside,0,중립,267,false,
2026-08-25,192080,더블유게임즈,43.5,neutral,-909.51,-693.08,-216.43,,63662.89,57007.11,60335.0,0.2694,inside,0,중립,267,false,
2026-08-25,415640,KB발해인프라,43.81,neutral,-74.62,-39.9,-34.72,,10787.97,10021.03,10404.5,0.1682,inside,0,중립,267,false,
2026-08-25,003540,대신증권,47.01,neutral,-200.52,-259.31,58.8,,27989.65,23935.35,25962.5,0.4969,inside,0,중립,267,false,
2026-08-25,000815,삼성화재우,52.11,neutral,3246.33,1632.0,1614.34,,420462.35,374437.65,397450.0,0.664,inside,0,중립,267,false,
2026-08-25,280360,롯데웰푸드,65.24,neutral,6706.3,5355.89,1350.41,,139293.17,91216.83,115255.0,0.8088,inside,0,중립,267,false,
2026-08-25,300720,한일시멘트,74.09,overbought,376.71,217.72,158.99,,15958.66,13229.34,14594.0,1.0921,above_upper,-2,매도 우위,267,false,
2026-08-25,066575,LG전자우,52.09,neutral,944.53,256.1,688.43,,77989.49,51810.51,64900.0,0.6528,inside,0,중립,267,false,
2026-08-25,004000,롯데정밀화학,48.2,neutral,-200.73,2.09,-202.82,,49257.17,42707.83,45982.5,0.4416,inside,0,중립,267,false,
2026-08-25,017960,한국카본,43.72,neutral,-367.5,-552.77,185.27,,26095.91,19458.09,22777.0,0.4959,inside,0,중립,267,false,
2026-08-25,030610,교보증권,50.31,neutral,69.61,26.95,42.66,,10858.03,8781.97,9820.0,0.5867,inside,0,중립,267,false,
2026-08-25,330590,롯데리츠,62.4,neutral,87.13,68.9,18.22,,4047.12,3495.38,3771.25,0.7877,inside,0,중립,267,false,
2026-08-25,000080,하이트진로,52.76,neutral,32.38,47.52,-15.14,,15905.79,14899.21,15402.5,0.5969,inside,0,중립,267,false,
2026-08-25,003530,한화투자증권,56.8,neutral,33.73,-50.35,84.08,,5095.64,3711.86,4403.75,0.8225,inside,0,중립,267,false,
2026-08-25,032350,롯데관광개발,49.11,neutral,-107.7,-264.18,156.48,,14129.01,10953.99,12541.5,0.6381,inside,0,중립,267,false,
2026-08-25,006340,대원전선,47.13,neutral,405.94,629.34,-223.4,,16557.06,11114.94,13836.0,0.3243,inside,0,중립,267,false,
2026-08-25,192400,쿠쿠홀딩스,68.61,neutral,503.86,368.43,135.43,,27966.29,25358.71,26662.5,1.0513,above_upper,-1,중립,267,false,
2026-08-25,003240,태광산업,50.63,neutral,4325.62,8053.62,-3728.0,,963657.17,819042.83,891350.0,0.5114,inside,0,중립,267,false,
2026-08-25,451800,한화리츠,62.58,neutral,194.63,172.03,22.6,,5796.69,4722.31,5259.5,0.7518,inside,0,중립,267,false,
2026-08-25,003570,SNT다이내믹스,40.84,neutral,-1005.86,-1055.09,49.24,,33965.26,29004.74,31485.0,0.1704,inside,0,중립,267,false,
2026-08-25,003090,대웅,48.79,neutral,-51.77,25.99,-77.76,,18688.41,15624.59,17156.5,0.4718,inside,0,중립,267,false,
2026-08-25,000210,DL,45.58,neutral,342.75,635.67,-292.92,,55264.39,41440.61,48352.5,0.3949,inside,0,중립,267,false,
2026-08-25,001820,삼화콘덴서,50.8,neutral,-64.11,-2666.35,2602.24,,108640.58,57459.42,83050.0,0.6827,inside,0,중립,267,false,
2026-08-25,185750,종근당,52.99,neutral,-268.54,-303.92,35.38,golden,70998.24,65081.76,68040.0,0.6792,inside,1,중립,267,false,
2026-08-25,051915,LG화학우,49.39,neutral,-1433.87,-2020.52,586.64,,131999.06,110310.94,121155.0,0.6127,inside,0,중립,267,false,
2026-08-25,077970,STX엔진,40.94,neutral,-568.43,-418.45,-149.97,,31130.03,19424.97,25277.5,0.3396,inside,0,중립,267,false,
2026-08-25,009450,경동나비엔,44.78,neutral,39.62,774.08,-734.47,,75488.66,57931.34,66710.0,0.34,inside,0,중립,267,false,
2026-08-25,030190,NICE평가정보,61.19,neutral,303.31,291.74,11.57,golden,16051.46,13709.54,14880.5,0.8457,inside,1,중립,267,false,
2026-08-25,009240,한샘,53.27,neutral,733.36,1086.96,-353.6,,41836.43,36688.57,39262.5,0.4781,inside,0,중립,267,false,
2026-08-25,005300,롯데칠성,45.15,neutral,-941.86,-570.43,-371.43,,104571.71,95998.29,100285.0,0.2335,inside,0,중립,267,false,
2026-08-25,195870,해성디에스,45.48,neutral,-706.8,-1291.94,585.14,,63428.96,40821.04,52125.0,0.5254,inside,0,중립,267,false,
2026-08-25,006120,SK디스커버리,47.83,neutral,226.42,496.18,-269.76,,55849.33,47685.67,51767.5,0.406,inside,0,중립,267,false,
2026-08-25,006110,삼아알미늄,63.09,neutral,4230.47,2824.39,1406.08,,66181.8,22708.2,44445.0,0.8279,inside,0,중립,267,false,
2026-08-25,005090,SGC에너지,62.23,neutral,4964.89,4106.58,858.31,,71266.39,33983.61,52625.0,0.7246,inside,0,중립,267,false,
2026-08-25,003470,유안타증권,50.11,neutral,12.37,2.19,10.18,,4944.72,4015.78,4480.25,0.5751,inside,0,중립,267,false,
2026-08-25,034230,파라다이스,37.83,neutral,-540.49,-627.58,87.09,,10276.12,9207.88,9742.0,0.2173,inside,0,중립,267,false,
2026-08-25,079160,CJ CGV,54.21,neutral,133.7,181.2,-47.5,,5750.24,4752.26,5251.25,0.5088,inside,0,중립,267,false,
2026-08-25,071055,한국금융지주우,46.37,neutral,-154.0,-309.66,155.66,,161048.71,136071.29,148560.0,0.4616,inside,0,중립,267,false,
2026-08-25,285130,SK케미칼,68.16,neutral,2300.23,1523.16,777.07,,52158.21,35261.79,43710.0,0.8604,inside,0,중립,267,false,
2026-08-25,071320,지역난방공사,59.07,neutral,1975.77,1558.73,417.04,,79233.85,59016.15,69125.0,0.6867,inside,0,중립,267,false,
2026-08-25,000370,한화손해보험,67.02,neutral,362.69,213.45,149.25,,7614.79,4884.21,6249.5,0.8188,inside,0,중립,267,false,
2026-08-25,005180,빙그레,71.96,overbought,4770.1,2839.56,1930.54,,87599.63,58100.37,72850.0,1.0136,above_upper,-2,매도 우위,267,false,
2026-08-25,100090,SK오션플랜트,43.65,neutral,-299.58,-311.41,11.82,,15107.22,11702.78,13405.0,0.381,inside,0,중립,267,false,
2026-08-25,004490,세방전지,57.96,neutral,772.48,529.92,242.56,,59437.65,48022.35,53730.0,0.7952,inside,0,중립,267,false,
2026-08-25,137310,에스디바이오센서,52.88,neutral,-65.78,-47.0,-18.78,,6845.46,5827.54,6336.5,0.6311,inside,0,중립,267,false,
2026-08-25,499790,GS피앤엘,44.06,neutral,78.81,327.78,-248.97,,47085.11,33454.89,40270.0,0.4105,inside,0,중립,267,false,
2026-08-25,003850,보령,56.89,neutral,192.14,166.19,25.95,,9721.49,7631.51,8676.5,0.6548,inside,0,중립,267,false,
2026-08-25,214320,이노션,46.46,neutral,-11.08,46.57,-57.66,,19671.55,18644.45,19158.0,0.2488,inside,0,중립,267,false,
2026-08-25,365550,ESR켄달스퀘어리츠,38.87,neutral,-86.79,-67.39,-19.4,,3470.17,2970.83,3220.5,0.0885,inside,0,중립,267,false,
2026-08-25,298050,HS효성첨단소재,48.58,neutral,943.43,1707.46,-764.03,,191136.59,143683.41,167410.0,0.4597,inside,0,중립,267,false,
2026-08-25,036530,SNT홀딩스,34.6,neutral,-819.91,-625.46,-194.45,,50132.14,46022.86,48077.5,-0.1516,below_lower,1,중립,267,false,
2026-08-25,000670,영풍,56.36,neutral,126.12,-269.42,395.54,,41832.16,31647.84,36740.0,0.7661,inside,0,중립,267,false,
2026-08-25,456040,OCI,49.39,neutral,-1226.65,-2622.35,1395.7,,87406.1,62883.9,75145.0,0.7061,inside,0,중립,267,false,
2026-08-25,064960,SNT모티브,45.77,neutral,17.44,90.91,-73.47,,28893.47,25001.53,26947.5,0.3722,inside,0,중립,267,false,
2026-08-25,093050,LF,61.51,neutral,110.61,34.61,76.0,,23319.26,21535.74,22427.5,1.1013,above_upper,-1,중립,267,false,
2026-08-25,005880,대한해운,61.53,neutral,43.28,27.61,15.67,,2205.04,1684.56,1944.8,0.8366,inside,0,중립,267,false,
2026-08-25,317450,명인제약,53.25,neutral,923.18,925.77,-2.6,dead,50407.97,39372.03,44890.0,0.5915,inside,-1,중립,216,false,
2026-08-25,094800,맵스리얼티,73.79,overbought,289.7,224.51,65.18,,7359.67,5616.33,6488.0,0.9084,inside,-1,중립,267,false,
2026-08-25,005690,파미셀,47.49,neutral,-54.73,-122.37,67.64,,12867.76,9071.24,10969.5,0.537,inside,0,중립,267,false,
2026-08-25,268280,미원에스씨,64.27,neutral,4925.9,4527.09,398.82,,135212.27,112237.73,123725.0,0.8994,inside,0,중립,267,false,
2026-08-25,002960,한국쉘석유,51.25,neutral,2776.1,3284.25,-508.16,,520484.53,491415.47,505950.0,0.5361,inside,0,중립,267,false,
2026-08-25,069260,TKG휴켐스,53.97,neutral,137.21,103.33,33.88,,16897.95,14258.05,15578.0,0.6523,inside,0,중립,267,false,
2026-08-25,033240,자화전자,56.86,neutral,940.12,277.39,662.73,,33496.3,19044.7,26270.5,0.7477,inside,0,중립,267,false,
2026-08-25,293940,신한알파리츠,54.34,neutral,6.41,3.24,3.17,golden,5364.97,5174.03,5269.5,0.8168,inside,1,중립,267,false,
2026-08-25,003160,디아이,47.17,neutral,573.52,450.58,122.94,,28894.16,16697.84,22796.0,0.4962,inside,0,중립,267,false,
2026-08-25,001060,JW중외제약,56.92,neutral,760.55,564.72,195.83,,30049.13,21045.87,25547.5,0.728,inside,0,중립,267,false,
2026-08-25,002350,넥센타이어,49.03,neutral,-57.18,-70.13,12.95,,6848.91,6093.09,6471.0,0.5781,inside,0,중립,267,false,
2026-08-25,017940,E1,60.21,neutral,1745.56,1095.92,649.64,,94843.74,81006.26,87925.0,0.8306,inside,0,중립,267,false,
2026-08-25,001570,금양,50.0,neutral,0.0,0.0,0.0,,9900.0,9900.0,9900.0,0.5,inside,0,중립,267,false,
2026-08-25,001680,대상,52.81,neutral,-6.85,33.4,-40.25,,18627.27,17113.73,17870.5,0.6054,inside,0,중립,267,false,
2026-08-25,014820,동원시스템즈,55.41,neutral,255.68,340.26,-84.58,,22861.79,19282.21,21072.0,0.6196,inside,0,중립,267,false,
2026-08-25,383800,LX홀딩스,58.24,neutral,107.94,84.31,23.62,,8396.68,7393.32,7895.0,0.7541,inside,0,중립,267,false,
2026-08-25,453340,현대그린푸드,59.26,neutral,120.48,172.48,-52.0,,19444.35,17594.65,18519.5,0.8355,inside,0,중립,267,false,
2026-08-25,000640,동아쏘시오홀딩스,57.17,neutral,1974.36,2122.52,-148.16,,96241.64,83548.36,89895.0,0.6816,inside,0,중립,267,false,
2026-08-25,248070,솔루엠,36.36,neutral,-492.04,-370.1,-121.94,,16056.89,12097.11,14077.0,0.223,inside,0,중립,267,false,
2026-08-25,006380,카프로,50.0,neutral,0.0,0.0,0.0,,3660.0,3660.0,3660.0,0.5,inside,0,중립,267,false,
2026-08-25,001510,SK증권,57.66,neutral,75.79,-13.19,88.98,,2859.33,1655.67,2257.5,0.8427,inside,0,중립,267,false,
2026-08-25,000400,롯데손해보험,44.97,neutral,-19.01,-20.45,1.44,,2121.93,1875.77,1998.85,0.3544,inside,0,중립,267,false,
2026-08-25,108320,LX세미콘,44.78,neutral,-358.74,-610.97,252.24,,42535.53,30584.47,36560.0,0.4992,inside,0,중립,267,false,
2026-08-25,002840,미원상사,57.98,neutral,1384.72,955.65,429.07,,132332.1,117087.9,124710.0,0.9651,inside,0,중립,267,false,
2026-08-25,075580,세진중공업,39.76,neutral,-400.53,-408.72,8.19,,12312.12,9172.88,10742.5,0.2985,inside,0,중립,267,false,
2026-08-25,114090,GKL,43.38,neutral,-206.94,-235.85,28.91,,9656.81,9021.19,9339.0,0.3285,inside,0,중립,267,false,
2026-08-25,00088K,한화3우B,35.85,neutral,-1152.45,-1466.98,314.53,,31501.67,27553.33,29527.5,0.4297,inside,0,중립,267,false,
2026-08-25,001270,부국증권,48.36,neutral,71.95,-62.73,134.67,,60052.74,48427.26,54240.0,0.5396,inside,0,중립,267,false,
2026-08-25,058650,세아홀딩스,65.26,neutral,2413.66,1329.39,1084.27,,132356.55,113273.45,122815.0,1.0128,above_upper,-1,중립,267,false,
2026-08-25,003300,한일홀딩스,61.97,neutral,181.74,134.63,47.11,,18278.61,16721.39,17500.0,0.9367,inside,0,중립,267,false,
2026-08-25,025540,한국단자,33.12,neutral,-2479.85,-1878.32,-601.53,,67597.84,53942.16,60770.0,0.1068,inside,0,중립,267,false,
2026-08-25,002990,금호건설,60.55,neutral,1319.76,931.35,388.41,,16707.57,5899.43,11303.5,0.8291,inside,0,중립,267,false,
2026-08-25,019170,신풍제약,72.59,overbought,236.55,82.57,153.98,,9756.4,6792.6,8274.5,1.2678,above_upper,-2,매도 우위,267,false,
2026-08-25,100840,SNT에너지,46.87,neutral,-192.52,-243.86,51.34,,30795.42,22569.58,26682.5,0.49,inside,0,중립,267,false,
2026-08-25,007700,F&F홀딩스,45.01,neutral,-182.96,-206.01,23.05,,14967.6,13401.4,14184.5,0.4141,inside,0,중립,267,false,
2026-08-25,178920,PI첨단소재,46.24,neutral,-26.84,-46.05,19.21,,21176.59,16536.41,18856.5,0.4555,inside,0,중립,267,false,
2026-08-25,005810,풍산홀딩스,56.57,neutral,704.19,638.98,65.21,,40302.34,32442.66,36372.5,0.688,inside,0,중립,267,false,
2026-08-25,090460,비에이치,44.68,neutral,-472.63,-740.91,268.28,,19534.33,12495.67,16015.0,0.522,inside,0,중립,267,false,
2026-08-25,016380,KG스틸,48.83,neutral,21.51,53.61,-32.1,,6005.89,5003.11,5504.5,0.4357,inside,0,중립,267,false,
2026-08-25,003620,KG모빌리티,41.33,neutral,-41.6,-27.51,-14.09,,3018.59,2572.41,2795.5,0.2299,inside,0,중립,267,false,
2026-08-25,006650,대한유화,36.39,neutral,-5537.85,-5580.09,42.24,golden,96770.1,79649.9,88210.0,0.1898,inside,1,중립,267,false,
2026-08-25,001530,DI동일,58.19,neutral,279.98,287.99,-8.01,,25600.57,22879.43,24240.0,0.8528,inside,0,중립,267,false,
2026-08-25,00104K,CJ4우(전환),40.2,neutral,-4772.94,-4521.09,-251.85,,137786.74,115733.26,126760.0,0.3159,inside,0,중립,267,false,
2026-08-25,336370,솔루스첨단소재,48.48,neutral,-98.08,-186.17,88.09,,8441.61,5709.39,7075.5,0.6078,inside,0,중립,267,false,
2026-08-25,284740,쿠쿠홈시스,64.52,neutral,260.86,109.35,151.51,,22813.64,20676.36,21745.0,1.017,above_upper,-1,중립,267,false,
2026-08-25,377740,바이오노트,62.08,neutral,80.44,66.49,13.96,,5131.89,4349.11,4740.5,0.774,inside,0,중립,267,false,
2026-08-25,039130,하나투어,53.24,neutral,-21.07,-168.87,147.8,,32979.69,29425.31,31202.5,0.7525,inside,0,중립,267,false,
2026-08-25,448730,삼성FN리츠,46.3,neutral,-16.31,-2.95,-13.36,,5601.49,5301.51,5451.5,0.2616,inside,0,중립,267,false,
2026-08-25,003545,대신증권우,49.58,neutral,111.01,81.88,29.13,,21074.24,18809.76,19942.0,0.5477,inside,0,중립,267,false,
2026-08-25,010780,아이에스동서,39.61,neutral,-1226.01,-1041.24,-184.77,,21034.05,14486.95,17760.5,0.2433,inside,0,중립,267,false,
2026-08-25,005250,녹십자홀딩스,52.31,neutral,55.1,24.84,30.26,,11101.23,8916.77,10009.0,0.6332,inside,0,중립,267,false,
2026-08-25,034310,NICE,57.67,neutral,266.65,258.58,8.07,,13420.64,12390.36,12905.5,0.7567,inside,0,중립,267,false,
2026-08-25,008060,대덕,51.52,neutral,158.61,-4.65,163.26,,17480.21,11818.79,14649.5,0.6379,inside,0,중립,267,false,
2026-08-25,001500,현대차증권,46.48,neutral,-56.6,-83.26,26.66,,8563.55,7019.45,7791.5,0.5055,inside,0,중립,267,false,
2026-08-25,079900,전진건설로봇,46.47,neutral,-739.99,-1135.17,395.18,,37476.88,27463.12,32470.0,0.5579,inside,0,중립,267,false,
2026-08-25,249420,일동제약,51.94,neutral,-238.96,-315.09,76.13,,16478.29,12366.71,14422.5,0.6769,inside,0,중립,267,false,
2026-08-25,090435,아모레퍼시픽우,60.64,neutral,1140.95,1338.05,-197.1,,47248.7,41191.3,44220.0,0.67,inside,0,중립,267,false,
2026-08-25,009410,태영건설,45.94,neutral,-11.7,-11.09,-0.6,,1672.42,1568.88,1620.65,0.3489,inside,0,중립,267,false,
2026-08-25,004690,삼천리,68.68,neutral,3348.7,2256.76,1091.93,,132720.29,110799.71,121760.0,0.8759,inside,0,중립,267,false,
2026-08-25,145990,삼양사,53.47,neutral,284.37,219.52,64.85,,46571.39,42553.61,44562.5,0.6711,inside,0,중립,267,false,
2026-08-25,161000,애경케미칼,53.8,neutral,33.43,-72.36,105.79,,10257.36,7584.64,8921.0,0.7353,inside,0,중립,267,false,
2026-08-25,000070,삼양홀딩스,55.53,neutral,896.23,893.7,2.53,,61900.07,55909.93,58905.0,0.6327,inside,0,중립,267,false,
2026-08-25,0120G0,삼양바이오팜,71.4,overbought,3017.44,921.57,2095.87,,59831.36,30973.64,45402.5,1.0786,above_upper,-2,매도 우위,183,false,
2026-08-25,460860,동국제강,48.59,neutral,115.82,156.79,-40.97,,10383.23,8412.77,9398.0,0.4401,inside,0,중립,267,false,
2026-08-25,002240,고려제강,45.15,neutral,-122.28,-142.49,20.21,,17856.5,16076.5,16966.5,0.4514,inside,0,중립,267,false,
2026-08-25,005389,현대차3우B,45.79,neutral,-1542.87,-2439.41,896.55,,205880.11,176259.89,191070.0,0.5078,inside,0,중립,267,false,
2026-08-25,005945,NH투자증권우,38.28,neutral,-182.36,-36.76,-145.6,,25683.33,23496.67,24590.0,-0.0899,below_lower,1,중립,267,false,
2026-08-25,072710,농심홀딩스,65.07,neutral,1156.73,658.18,498.55,,95188.51,86341.49,90765.0,0.9561,inside,0,중립,267,false,
2026-08-25,017900,광전자,51.59,neutral,433.94,367.47,66.46,,10231.58,3920.92,7076.25,0.5735,inside,0,중립,267,false,
2026-08-25,417310,코람코더원리츠,57.84,neutral,146.26,176.72,-30.46,,11031.15,10599.85,10815.5,0.4872,inside,0,중립,267,false,
2026-08-25,004700,조광피혁,60.99,neutral,615.21,541.32,73.89,,66087.24,61982.76,64035.0,0.8813,inside,0,중립,267,false,
2026-08-25,002810,삼영무역,59.02,neutral,541.12,614.34,-73.23,,24048.1,21931.9,22990.0,0.7174,inside,0,중립,267,false,
2026-08-25,003280,흥아해운,52.46,neutral,6.62,-11.39,18.01,,1882.75,1507.55,1695.15,0.7475,inside,0,중립,267,false,
2026-08-25,009900,명신산업,59.56,neutral,208.3,64.16,144.14,,8582.29,5754.71,7168.5,0.8294,inside,0,중립,267,false,
2026-08-25,014830,유니드,48.21,neutral,-179.4,-305.96,126.56,,65764.22,57685.78,61725.0,0.5464,inside,0,중립,267,false,
2026-08-25,403550,쏘카,57.74,neutral,99.72,20.81,78.91,,11409.4,9389.6,10399.5,0.8122,inside,0,중립,267,false,
2026-08-25,003030,세아제강지주,40.64,neutral,-3061.07,-2808.3,-252.76,,116005.31,95814.69,105910.0,0.2519,inside,0,중립,267,false,
2026-08-25,357120,코람코라이프인프라리츠,54.05,neutral,57.1,54.76,2.35,,4442.25,4044.25,4243.25,0.5672,inside,0,중립,267,false,
2026-08-25,005420,코스모화학,56.97,neutral,146.02,19.21,126.81,,11687.59,7892.41,9790.0,0.7688,inside,0,중립,267,false,
2026-08-25,092230,KPX홀딩스,70.4,overbought,3291.21,2272.91,1018.3,,99420.57,77969.43,88695.0,0.9245,inside,-1,중립,267,false,
2026-08-25,484870,엠앤씨솔루션,37.81,neutral,-1664.09,-1885.6,221.51,,19127.07,13400.93,16264.0,0.2845,inside,0,중립,267,false,
2026-08-25,003000,부광약품,47.7,neutral,27.98,37.02,-9.03,,4700.92,3693.58,4197.25,0.4581,inside,0,중립,267,false,
2026-08-25,001200,유진투자증권,48.12,neutral,8.92,0.17,8.75,,4670.61,3767.89,4219.25,0.5119,inside,0,중립,267,false,
2026-08-25,029530,신도리코,50.27,neutral,35.31,17.86,17.45,,42749.34,39095.66,40922.5,0.576,inside,0,중립,267,false,
2026-08-25,317400,자이에스앤디,69.54,neutral,1265.28,1155.18,110.1,,11686.16,4882.84,8284.5,0.7918,inside,0,중립,267,false,
2026-08-25,344820,KCC글라스,58.11,neutral,515.49,476.08,39.41,,26600.43,20979.57,23790.0,0.6975,inside,0,중립,267,false,
2026-08-25,002030,아세아,53.44,neutral,-808.99,-386.26,-422.73,,206165.41,171824.59,188995.0,0.5817,inside,0,중립,267,false,
2026-08-25,016610,DB증권,49.92,neutral,9.4,-43.59,52.99,,10009.46,8132.54,9071.0,0.6114,inside,0,중립,267,false,
2026-08-25,016590,신대양제지,48.47,neutral,10.91,35.03,-24.12,,10460.47,9237.53,9849.0,0.4272,inside,0,중립,267,false,
2026-08-25,306200,세아제강,58.13,neutral,2387.49,1568.4,819.09,,142636.73,121863.27,132250.0,0.7768,inside,0,중립,267,false,
2026-08-25,029460,케이씨,60.81,neutral,1399.13,1063.01,336.12,,38530.59,24934.41,31732.5,0.7403,inside,0,중립,267,false,
2026-08-25,001940,KISCO홀딩스,54.68,neutral,521.71,582.94,-61.24,,28260.28,25639.72,26950.0,0.5191,inside,0,중립,267,false,
2026-08-25,271940,일진하이솔루스,48.08,neutral,54.04,28.39,25.65,,11775.63,9310.37,10543.0,0.4988,inside,0,중립,267,false,
2026-08-25,015360,INVENI,45.36,neutral,-55.81,-44.66,-11.15,,14603.58,13644.42,14124.0,0.3186,inside,0,중립,267,false,
2026-08-25,027410,BGF,44.56,neutral,2.32,17.52,-15.21,,4266.15,3777.35,4021.75,0.3328,inside,0,중립,267,false,
2026-08-25,452260,한화갤러리아,44.4,neutral,-17.42,-22.85,5.43,,2225.2,1712.3,1968.75,0.4537,inside,0,중립,267,false,
2026-08-25,008730,율촌화학,53.84,neutral,200.7,8.69,192.01,,16454.4,12231.6,14343.0,0.6911,inside,0,중립,267,false,
2026-08-25,194370,제이에스코퍼레이션,53.52,neutral,195.73,285.12,-89.4,,14029.74,11689.26,12859.5,0.5045,inside,0,중립,267,false,
2026-08-25,170900,동아에스티,54.11,neutral,494.01,532.95,-38.94,,40511.31,33643.69,37077.5,0.6198,inside,0,중립,267,false,
2026-08-25,017810,풀무원,57.99,neutral,72.35,14.25,58.1,,9757.81,8500.19,9129.0,0.9302,inside,0,중립,267,false,
2026-08-25,950210,프레스티지바이오파마,47.11,neutral,94.56,138.49,-43.93,,7277.32,5375.68,6326.5,0.3967,inside,0,중립,267,false,
2026-08-25,105630,한세실업,48.9,neutral,20.14,46.97,-26.82,,9597.96,8680.04,9139.0,0.403,inside,0,중립,267,false,
2026-08-25,104700,한국철강,61.68,neutral,146.86,148.12,-1.25,,9988.19,9325.81,9657.0,0.8971,inside,0,중립,267,false,
2026-08-25,183190,아세아시멘트,62.33,neutral,158.21,74.25,83.96,,10173.75,8529.25,9351.5,0.9187,inside,0,중립,267,false,
2026-08-25,031430,신세계인터내셔날,37.64,neutral,-435.67,-435.73,0.06,golden,11581.06,9998.94,10790.0,0.1903,inside,1,중립,267,false,
2026-08-25,004710,한솔테크닉스,39.92,neutral,-452.42,-506.64,54.22,,8581.44,5850.56,7216.0,0.3403,inside,0,중립,267,false,
2026-08-25,060980,HL홀딩스,50.54,neutral,209.26,153.25,56.01,,41818.31,35951.69,38885.0,0.5793,inside,0,중립,267,false,
2026-08-25,130660,한전산업,44.6,neutral,-44.71,-48.23,3.51,,12656.91,9400.09,11028.5,0.4452,inside,0,중립,267,false,
2026-08-25,126560,현대퓨처넷,57.34,neutral,59.2,65.36,-6.16,,3471.88,2842.62,3157.25,0.6156,inside,0,중립,267,false,
2026-08-25,006220,제주은행,49.56,neutral,-121.9,-177.39,55.49,,9694.29,8467.71,9081.0,0.6704,inside,0,중립,267,false,
2026-08-25,007690,국도화학,49.52,neutral,202.31,483.74,-281.43,,40563.63,35521.37,38042.5,0.4023,inside,0,중립,267,false,
2026-08-25,02826K,삼성물산우B,56.98,neutral,4663.83,85.4,4578.43,,248352.78,176947.22,212650.0,0.827,inside,0,중립,267,false,
2026-08-25,024720,콜마홀딩스,59.09,neutral,392.02,395.1,-3.08,dead,10913.6,8268.4,9591.0,0.6849,inside,-1,중립,267,false,
2026-08-25,097520,엠씨넥스,53.46,neutral,346.38,283.15,63.23,,21922.55,16413.45,19168.0,0.6238,inside,0,중립,267,false,
2026-08-25,089590,제주항공,49.61,neutral,-46.59,-49.83,3.25,golden,4469.8,4015.7,4242.75,0.571,inside,1,중립,267,false,
2026-08-25,015860,일진홀딩스,59.92,neutral,175.68,91.49,84.19,,7437.55,4966.45,6202.0,0.8027,inside,0,중립,267,false,
2026-08-25,005610,삼립,49.65,neutral,136.11,206.55,-70.44,,41258.04,38006.96,39632.5,0.4285,inside,0,중립,267,false,
2026-08-25,011760,현대코퍼레이션,50.08,neutral,693.33,842.46,-149.13,,29465.87,22444.13,25955.0,0.4566,inside,0,중립,267,false,
2026-08-25,006405,삼성SDI우,53.88,neutral,2622.92,215.76,2407.16,,232515.33,155024.67,193770.0,0.6772,inside,0,중립,267,false,
2026-08-25,020000,한섬,30.23,neutral,-1415.68,-1432.27,16.6,golden,20514.88,13526.12,17020.5,0.2925,inside,1,중립,267,false,
2026-08-25,200880,서연이화,54.17,neutral,320.17,293.49,26.68,,13671.0,9795.0,11733.0,0.6256,inside,0,중립,267,false,
2026-08-25,005720,넥센,54.72,neutral,44.1,32.85,11.25,,6439.2,5694.8,6067.0,0.6787,inside,0,중립,267,false,
2026-08-25,011930,신성이엔지,46.8,neutral,-200.16,-398.59,198.43,,18497.94,12532.06,15515.0,0.5595,inside,0,중립,267,false,
2026-08-25,026890,스틱인베스트먼트,54.75,neutral,200.32,204.02,-3.7,dead,8862.79,7355.21,8109.0,0.6267,inside,-1,중립,267,false,
2026-08-25,091810,트리니티항공,48.82,neutral,-6.27,-13.95,7.67,,673.17,535.13,604.15,0.6583,inside,0,중립,267,false,
2026-08-25,009160,SIMPAC,53.44,neutral,53.69,44.39,9.3,,5072.25,4506.75,4789.5,0.66,inside,0,중립,267,false,
2026-08-25,145720,덴티움,39.4,neutral,-718.88,-353.31,-365.57,,43671.62,34943.38,39307.5,0.2184,inside,0,중립,267,false,
2026-08-25,005950,이수화학,43.22,neutral,-60.71,182.41,-243.11,,15902.94,10711.06,13307.0,0.2598,inside,0,중립,267,false,
2026-08-25,002020,코오롱,34.06,neutral,-2716.17,-3383.5,667.33,,29555.57,21294.43,25425.0,0.3759,inside,0,중립,267,false,
2026-08-25,123890,한국자산신탁,72.36,overbought,62.53,37.57,24.96,,2525.77,2142.23,2334.0,1.0893,above_upper,-2,매도 우위,267,false,
2026-08-25,016800,퍼시스,51.23,neutral,240.42,132.96,107.45,,28569.32,24735.68,26652.5,0.6167,inside,0,중립,267,false,
2026-08-25,192650,드림텍,50.69,neutral,86.99,79.1,7.89,,5499.83,3704.67,4602.25,0.5656,inside,0,중립,267,false,
2026-08-25,108670,LX하우시스,54.69,neutral,416.74,405.24,11.5,golden,35842.55,31207.45,33525.0,0.6996,inside,1,중립,267,false,
2026-08-25,092790,넥스틸,48.7,neutral,-5.96,-12.67,6.71,,13633.64,9976.36,11805.0,0.5205,inside,0,중립,267,false,
2026-08-25,009290,광동제약,50.41,neutral,17.62,45.96,-28.34,,6754.46,5629.54,6192.0,0.5071,inside,0,중립,267,false,
2026-08-25,002310,아세아제지,51.71,neutral,29.55,23.23,6.32,,8238.59,7068.41,7653.5,0.5996,inside,0,중립,267,false,
2026-08-25,001230,동국홀딩스,58.56,neutral,49.1,36.73,12.36,,2068.51,1603.19,1835.85,0.7238,inside,0,중립,267,false,
2026-08-25,018250,애경산업,47.08,neutral,-12.36,46.98,-59.34,,12383.33,10760.67,11572.0,0.4002,inside,0,중립,267,false,
2026-08-25,126720,수산인더스트리,42.69,neutral,-163.68,-33.0,-130.69,,23806.96,19726.04,21766.5,0.2999,inside,0,중립,267,false,
2026-08-25,096760,JW홀딩스,55.9,neutral,70.74,61.8,8.95,,4244.76,3570.74,3907.75,0.6962,inside,0,중립,267,false,
2026-08-25,272450,진에어,61.99,neutral,-7.82,-39.77,31.95,golden,5674.73,4837.77,5256.25,1.0541,above_upper,0,중립,267,false,
2026-08-25,078520,에이블씨엔씨,51.89,neutral,295.29,369.78,-74.49,,13398.76,9362.24,11380.5,0.5172,inside,0,중립,267,false,
2026-08-25,381970,케이카,23.91,oversold,-416.55,-274.93,-141.62,,8486.55,5971.45,7229.0,0.0511,inside,1,중립,267,false,
2026-08-25,244920,에이플러스에셋,60.41,neutral,500.2,514.18,-13.98,,14049.95,10929.05,12489.5,0.7084,inside,0,중립,267,false,
2026-08-25,001750,한양증권,46.74,neutral,-146.53,-195.23,48.71,,20113.77,18801.23,19457.5,0.5095,inside,0,중립,267,false,
2026-08-25,000157,두산2우B,43.92,neutral,-9016.85,-11570.39,2553.55,,379701.88,281848.12,330775.0,0.4512,inside,0,중립,267,false,
2026-08-25,025860,남해화학,49.77,neutral,16.69,-24.35,41.04,,6176.94,5290.06,5733.5,0.6314,inside,0,중립,267,false,
2026-08-25,012030,DB,42.76,neutral,-30.14,-36.53,6.39,,1597.23,1336.87,1467.05,0.3731,inside,0,중립,267,false,
2026-08-25,033270,유나이티드제약,52.49,neutral,129.55,137.86,-8.31,dead,18714.47,17188.53,17951.5,0.5711,inside,-1,중립,267,false,
2026-08-25,002900,TYM,54.14,neutral,210.86,171.26,39.6,,7727.09,5505.91,6616.5,0.6411,inside,0,중립,267,false,
2026-08-25,001390,KG케미칼,49.57,neutral,30.98,39.65,-8.68,,4787.41,3803.09,4295.25,0.515,inside,0,중립,267,false,
2026-08-25,010690,화신,46.14,neutral,-97.74,-186.89,89.15,,9408.43,6672.57,8040.5,0.5437,inside,0,중립,267,false,
2026-08-25,475560,더본코리아,72.01,overbought,1052.39,436.03,616.36,,19414.72,10522.28,14968.5,0.9759,inside,-1,중립,267,false,
2026-08-25,034830,한국토지신탁,48.52,neutral,-3.89,-5.06,1.16,,1166.35,1079.35,1122.85,0.5247,inside,0,중립,267,false,
2026-08-25,010820,퍼스텍,44.44,neutral,-33.33,-51.58,18.25,,7054.44,4682.56,5868.5,0.4585,inside,0,중립,267,false,
2026-08-25,003960,사조대림,53.01,neutral,327.39,523.01,-195.62,,32697.43,28627.57,30662.5,0.5092,inside,0,중립,267,false,
2026-08-25,037710,광주신세계,43.66,neutral,-562.67,-385.02,-177.65,,42390.8,33854.2,38122.5,0.3217,inside,0,중립,267,false,
2026-08-25,286940,롯데이노베이트,51.51,neutral,214.92,242.97,-28.05,,20063.41,16521.59,18292.5,0.5304,inside,0,중립,267,false,
2026-08-25,058430,포스코스틸리온,48.74,neutral,-30.31,-58.35,28.03,,5017.36,3980.64,4499.0,0.5974,inside,0,중립,267,false,
2026-08-25,084690,대상홀딩스,46.66,neutral,10.84,23.28,-12.44,,8122.07,7178.93,7650.5,0.404,inside,0,중립,267,false,
2026-08-25,003120,일성아이에스,54.31,neutral,116.07,121.66,-5.59,,20929.79,19915.21,20422.5,0.6257,inside,0,중립,267,false,
2026-08-25,002710,TCC스틸,55.52,neutral,139.15,-4.0,143.15,,11518.15,7467.85,9493.0,0.7239,inside,0,중립,267,false,
2026-08-25,217590,티엠씨,40.0,neutral,-266.46,-210.76,-55.7,dead,15497.41,9224.59,12361.0,0.3277,inside,-1,중립,168,false,
2026-08-25,004430,송원산업,44.98,neutral,-114.68,9.26,-123.94,,12732.13,10706.87,11719.5,0.2682,inside,0,중립,267,false,
2026-08-25,010955,S-Oil우,54.31,neutral,1636.16,1620.53,15.63,,72335.74,58004.26,65170.0,0.6277,inside,0,중립,267,false,
2026-08-25,017390,서울가스,46.32,neutral,-60.63,12.42,-73.05,,57107.84,52222.16,54665.0,0.4458,inside,0,중립,267,false,
2026-08-25,122900,아이마켓코리아,67.57,neutral,189.17,160.59,28.58,,8431.79,6892.21,7662.0,0.739,inside,0,중립,267,false,
2026-08-25,084010,대한제강,44.43,neutral,-4.1,64.75,-68.84,,8942.33,7264.67,8103.5,0.3072,inside,0,중립,267,false,
2026-08-25,003350,한국화장품제조,70.16,overbought,858.34,682.31,176.03,,12628.45,6383.55,9506.0,0.8545,inside,-1,중립,267,false,
2026-08-25,003650,미창석유,59.12,neutral,2725.66,2996.38,-270.72,,154387.82,135272.18,144830.0,0.8228,inside,0,중립,267,false,
2026-08-25,334890,이지스밸류플러스리츠,62.95,neutral,66.9,49.95,16.95,,3884.67,3329.83,3607.25,0.7843,inside,0,중립,267,false,
2026-08-25,008490,서흥,48.75,neutral,851.91,1246.26,-394.35,,28872.46,17704.54,23288.5,0.4339,inside,0,중립,267,false,
2026-08-25,005430,한국공항,44.77,neutral,-148.16,991.07,-1139.23,,95694.03,76455.97,86075.0,0.2622,inside,0,중립,267,false,
2026-08-25,298690,에어부산,58.33,neutral,-11.51,-16.62,5.11,golden,1577.31,1429.19,1503.25,0.9709,inside,1,중립,267,false,
2026-08-25,004360,세방,55.72,neutral,74.74,65.5,9.24,,13542.26,12474.74,13008.5,0.7169,inside,0,중립,267,false,
2026-08-25,136490,선진,58.15,neutral,203.03,212.48,-9.45,,11194.23,8905.77,10050.0,0.6879,inside,0,중립,267,false,
2026-08-25,003200,일신방직,54.64,neutral,149.01,106.35,42.66,,11340.83,9627.17,10484.0,0.7136,inside,0,중립,267,false,
2026-08-25,000430,대원강업,57.18,neutral,63.44,6.87,56.57,,4269.06,3217.44,3743.25,0.7537,inside,0,중립,267,false,
2026-08-25,003070,코오롱글로벌,55.67,neutral,229.65,148.66,80.98,,10682.98,7781.02,9232.0,0.6854,inside,0,중립,267,false,
2026-08-25,007160,사조산업,49.6,neutral,642.13,1047.48,-405.34,,55694.55,44050.45,49872.5,0.438,inside,0,중립,267,false,
2026-08-25,005680,삼영전자,37.08,neutral,-332.59,-194.36,-138.23,,14603.28,11844.72,13224.0,0.1397,inside,0,중립,267,false,
2026-08-25,003920,남양유업,46.53,neutral,5.69,192.8,-187.11,,45486.61,41673.39,43580.0,0.3086,inside,0,중립,267,false,
2026-08-25,001790,대한제당,60.37,neutral,51.42,47.24,4.18,,2891.93,2523.07,2707.5,0.7779,inside,0,중립,267,false,
2026-08-25,105840,우진,36.78,neutral,-619.83,-453.91,-165.92,,16363.3,10921.7,13642.5,0.1871,inside,0,중립,267,false,
2026-08-25,900140,엘브이엠씨홀딩스,51.34,neutral,-8.75,-10.83,2.08,golden,1294.0,1146.8,1220.4,0.6603,inside,1,중립,267,false,
2026-08-25,005500,삼진제약,49.53,neutral,-57.48,-61.83,4.35,golden,18842.91,17044.09,17943.5,0.5536,inside,1,중립,267,false,
2026-08-25,134380,미원화학,64.6,neutral,238.94,163.38,75.56,,11309.75,9676.25,10493.0,0.7553,inside,0,중립,267,false,
2026-08-25,025000,KPX케미칼,66.64,neutral,899.09,479.1,419.99,,54104.4,46835.6,50470.0,0.9856,inside,0,중립,267,false,
2026-08-25,404990,신한서부티엔디리츠,43.15,neutral,33.84,60.86,-27.02,,4212.27,3770.73,3991.5,0.1342,inside,0,중립,267,false,
2026-08-25,092200,디아이씨,57.22,neutral,364.23,188.62,175.61,,7114.18,3463.32,5288.75,0.7085,inside,0,중립,267,false,
2026-08-25,001460,BYC,58.28,neutral,885.76,751.27,134.49,,41186.19,29853.81,35520.0,0.6747,inside,0,중립,267,false,
2026-08-25,002320,한진,47.29,neutral,-93.94,-125.41,31.47,,15626.18,14503.82,15065.0,0.5223,inside,0,중립,267,false,
2026-08-25,348950,제이알글로벌리츠,31.65,neutral,-0.72,-1.05,0.34,,1182.0,1182.0,1182.0,0.5,inside,0,중립,267,false,
2026-08-25,030210,다올투자증권,58.95,neutral,104.55,87.85,16.7,,4104.0,3138.0,3621.0,0.7112,inside,0,중립,267,false,
2026-08-25,298000,효성화학,41.83,neutral,2283.23,2620.56,-337.34,dead,79887.83,57042.17,68465.0,0.1864,inside,-1,중립,267,false,
2026-08-25,000680,LS네트웍스,50.35,neutral,18.23,7.95,10.28,,3122.59,2690.41,2906.5,0.5775,inside,0,중립,267,false,
2026-08-25,051905,LG생활건강우,56.07,neutral,2355.88,2990.32,-634.44,,118887.24,98562.76,108725.0,0.5381,inside,0,중립,267,false,
2026-08-25,034120,SBS,57.48,neutral,175.68,42.46,133.23,,12924.92,10546.08,11735.5,0.7499,inside,0,중립,267,false,
2026-08-25,0030R0,대신밸류리츠,48.37,neutral,16.05,9.52,6.52,,4097.89,3503.11,3800.5,0.5412,inside,0,중립,267,false,
2026-08-25,226320,잇츠한불,52.24,neutral,274.76,255.1,19.67,,11744.67,8458.33,10101.5,0.5878,inside,0,중립,267,false,
2026-08-25,044450,KSS해운,53.21,neutral,74.11,76.21,-2.1,,10318.07,9567.93,9943.0,0.6693,inside,0,중립,267,false,
2026-08-25,000050,경방,43.78,neutral,2.93,65.62,-62.69,,9133.59,7808.41,8471.0,0.2955,inside,0,중립,267,false,
2026-08-25,001340,PKC,47.04,neutral,-76.43,-106.15,29.72,,5511.19,4280.81,4896.0,0.5764,inside,0,중립,267,false,
2026-08-25,044820,코스맥스비티아이,54.49,neutral,1047.18,1312.12,-264.94,,28095.94,17298.06,22697.0,0.5605,inside,0,중립,267,false,
2026-08-25,000320,노루홀딩스,52.37,neutral,181.62,85.56,96.06,,17886.06,14558.94,16222.5,0.6345,inside,0,중립,267,false,
2026-08-25,003720,삼영,45.48,neutral,40.08,62.72,-22.64,dead,7956.04,5528.96,6742.5,0.4042,inside,-1,중립,267,false,
2026-08-25,000540,흥국화재,58.59,neutral,46.9,21.47,25.43,,3554.69,2962.31,3258.5,0.8148,inside,0,중립,267,false,
2026-08-25,009680,모토닉,53.34,neutral,67.35,68.92,-1.57,dead,10370.84,9806.16,10088.5,0.5912,inside,-1,중립,267,false,
2026-08-25,003520,영진약품,46.19,neutral,3.18,6.57,-3.39,,1319.26,1115.14,1217.2,0.4206,inside,0,중립,267,false,
2026-08-25,000490,대동,54.27,neutral,231.56,169.74,61.82,,8774.54,5573.46,7174.0,0.6331,inside,0,중립,267,false,
2026-08-25,033920,무학,51.27,neutral,57.54,51.63,5.91,,7982.21,7210.79,7596.5,0.5694,inside,0,중립,267,false,
2026-08-25,432320,KB스타리츠,51.11,neutral,3.36,-0.76,4.12,,1514.33,1292.97,1403.65,0.6145,inside,0,중립,267,false,
2026-08-25,000650,천일고속,45.84,neutral,-1671.63,-3190.13,1518.51,,167361.15,127618.85,147490.0,0.5707,inside,0,중립,267,false,
2026-08-25,001250,GS글로벌,44.19,neutral,-20.38,-6.8,-13.58,,3021.43,2331.57,2676.5,0.3819,inside,0,중립,267,false,
2026-08-25,000480,CR홀딩스,33.16,neutral,-48.41,-37.73,-10.68,,4759.38,4500.12,4629.75,0.0381,inside,0,중립,267,false,
2026-08-25,035150,백산,57.7,neutral,163.23,109.27,53.96,,11018.47,9460.53,10239.5,0.7442,inside,0,중립,267,false,
2026-08-25,003555,LG우,59.97,neutral,929.91,574.86,355.06,,71363.17,61656.83,66510.0,0.8183,inside,0,중립,267,false,
2026-08-25,017860,DS단석,46.87,neutral,-118.93,-141.46,22.54,,12939.54,10146.46,11543.0,0.5061,inside,0,중립,267,false,
2026-08-25,005010,휴스틸,45.26,neutral,-39.72,-50.03,10.31,,4071.81,3270.19,3671.0,0.4676,inside,0,중립,267,false,
2026-08-25,037270,YG PLUS,42.36,neutral,-17.61,-3.64,-13.97,,3710.31,2937.69,3324.0,0.3395,inside,0,중립,267,false,
2026-08-25,03473K,SK우,50.64,neutral,1845.8,-3145.35,4991.15,,393770.16,293279.84,343525.0,0.649,inside,0,중립,267,false,
2026-08-25,011500,한농화성,49.37,neutral,52.45,-45.56,98.01,,14842.38,10224.62,12533.5,0.5837,inside,0,중립,267,false,
2026-08-25,088260,이리츠코크렙,50.01,neutral,-21.67,-61.44,39.77,,3307.69,2807.31,3057.5,0.7048,inside,0,중립,267,false,
2026-08-25,025560,미래산업,44.28,neutral,115.16,109.37,5.79,,10704.93,4787.07,7746.0,0.4044,inside,0,중립,267,false,
2026-08-25,100250,진양홀딩스,59.27,neutral,48.29,32.78,15.51,,3222.24,2820.26,3021.25,0.7457,inside,0,중립,267,false,
2026-08-25,004980,성신양회,50.84,neutral,-35.26,-75.31,40.05,,8577.84,7164.16,7871.0,0.6761,inside,0,중립,267,false,
2026-08-25,013580,계룡건설,58.36,neutral,756.98,434.42,322.56,,24143.16,16406.84,20275.0,0.7359,inside,0,중립,267,false,
2026-08-25,001130,대한제분,55.03,neutral,76.48,77.18,-0.69,,12021.71,10951.29,11486.5,0.6621,inside,0,중립,267,false,
2026-08-25,095570,AJ네트웍스,50.07,neutral,30.74,37.7,-6.96,,4633.44,4047.06,4340.25,0.5166,inside,0,중립,267,false,
2026-08-25,039570,HDC랩스,48.07,neutral,15.39,7.92,7.47,,7807.4,7298.6,7553.0,0.5138,inside,0,중립,267,false,
2026-08-25,001630,종근당홀딩스,46.68,neutral,-61.44,-12.01,-49.43,,41224.22,37325.78,39275.0,0.4295,inside,0,중립,267,false,
2026-08-25,028100,동아지질,53.93,neutral,328.9,424.94,-96.04,,18553.78,16421.22,17487.5,0.4543,inside,0,중립,267,false,
2026-08-25,053210,스카이라이프,40.17,neutral,-25.17,-17.6,-7.57,,4286.49,3942.01,4114.25,0.299,inside,0,중립,267,false,
