date,rank,name,code,price,quant_score,score_max,badge,vol,value_trap,t_roe,f_roe,roic,t_per,t_eps,t_pbr,ev_ebitda,dps,sh_return,return_total,t_pegy,t_fair,graham_target,f_per,f_eps,growth,f_target
2026-08-09,1,삼성전자,005930,231000.0,40,80,🟢 강력 저평가,"⚡ 변동성 확대 (8.65%, 벌점 1.283x)",false,10.85,55.9,,18.67,12372,3.21,15.31,566,0.72,"총 33,089억원 (배당 기준)",0.06,309300,141535,5.0,47929,287.4,577500
2026-08-09,2,SK하이닉스,000660,1422000.0,43,80,🟢 강력 저평가,"⚡ 변동성 확대 (10.32%, 벌점 1.341x)",false,44.15,101.22,,13.74,103521,6.13,16.82,1875,0.21,"총 13,696억원 (배당 기준)",0.06,2588025,735064,4.0,345914,234.1,3555000
2026-08-09,3,삼성전자우,005935,170100.0,42,80,🟢 강력 저평가,"⚡ 변동성 확대 (8.39%, 벌점 1.274x)",false,10.85,55.9,,13.75,12372,2.37,15.31,567,0.98,"총 4,549억원 (배당 기준)",0.05,309300,141348,4.0,47929,287.4,425250
2026-08-09,4,SK스퀘어,402340,939000.0,53,80,🟢 강력 저평가,"⚡ 변동성 확대 (11.12%, 벌점 1.369x)",false,37.82,90.78,,7.97,117759,3.43,13.78,0,0.0,무배당 (배당 공시 확인됨),0.05,2347500,851675,3.0,296272,151.6,2347500
2026-08-09,5,삼성전기,009150,1278000.0,16,80,🔴 목표가 초과 (고평가 관망),"⚡ 변동성 확대 (11.51%, 벌점 1.383x)",true,7.7,14.89,,120.71,10587,9.84,52.41,2350,0.18,"총 1,755억원 (배당 기준)",1.39,264675,175892,65.0,19742,86.5,493550
2026-08-09,6,LG에너지솔루션,373220,360000.0,,,⚠️ 데이터 검증 필요,"⚡ 변동성 확대 (4.05%, 벌점 1.122x)",true,-5.19,-1.88,,,,3.80,31.08,0,0.0,무배당 (배당 공시 확인됨),,,,,,,
2026-08-09,7,현대차,005380,395500.0,64,80,🟢 강력 저평가,"⚡ 변동성 확대 (4.53%, 벌점 1.139x)",false,8.41,8.45,,12.19,32437,0.87,11.37,2500,2.53,"총 5,118억원 (배당 기준)",0.61,652956,576004,10.0,38148,17.6,654248
2026-08-09,8,삼성바이오로직스,207940,1556000.0,31,80,🔴 목표가 초과 (고평가 관망),"⚡ 변동성 확대 (3.53%, 벌점 1.104x)",false,19.44,20.98,,50.55,30779,9.08,26.45,0,0.0,무배당 (배당 공시 확인됨),1.59,769475,344493,38.0,40521,31.7,1013025
2026-08-09,9,KB금융,105560,175800.0,68,80,🟢 강력 저평가,"⚡ 변동성 확대 (3.18%, 벌점 1.091x)",false,9.98,11.01,,11.11,15817,1.05,20.49,1605,2.48,"총 5,692억원 (배당 기준)",0.59,297043,244100,10.0,18392,16.3,313964
2026-08-09,10,한화에어로스페이스,012450,1097000.0,58,80,🟢 저평가,"⚡ 변동성 확대 (5.37%, 벌점 1.168x)",false,19.14,21.35,,34.45,31839,5.67,15.54,7000,0.64,"총 3,609억원 (배당 기준)",0.85,795975,372291,25.0,44528,39.9,1113200
2026-08-09,11,삼성생명,032830,275500.0,4,80,🔴 극단적 고평가 (위험),"⚡ 변동성 확대 (6.41%, 벌점 1.204x)",true,4.96,3.28,,19.19,14356,0.61,25.01,5300,1.92,"총 10,600억원 (배당 기준)",6.57,41919,381948,19.0,14506,1.0,32623
2026-08-09,12,삼성물산,028260,336500.0,13,80,🔴 극단적 고평가 (위험),"⚡ 변동성 확대 (7.07%, 벌점 1.227x)",true,6.02,4.98,,22.57,14912,0.88,12.26,2800,0.83,"총 4,540억원 (배당 기준)",1.92,174917,358187,20.0,16532,10.9,148798
2026-08-09,13,HD현대중공업,329180,506000.0,68,80,🟢 강력 저평가,"⚡ 변동성 확대 (4.19%, 벌점 1.127x)",false,18.82,30.52,,25.0,20237,5.47,21.18,3990,1.12,"총 4,187억원 (배당 기준)",0.48,505925,205232,17.0,30527,50.8,763175
2026-08-09,14,기아,000270,134900.0,78,80,🟢 강력 저평가,"⚡ 변동성 확대 (4.63%, 벌점 1.142x)",false,12.92,13.28,,7.59,17772,0.85,2.83,6800,5.04,"총 26,548억원 (배당 기준)",0.27,337250,251916,6.0,21865,23.0,337250
2026-08-09,15,신한지주,055550,110000.0,66,80,🟢 강력 저평가,"⚡ 변동성 확대 (2.45%, 벌점 1.066x)",false,8.72,9.91,,10.49,10486,0.88,21.77,880,2.36,"총 4,131억원 (배당 기준)",0.5,220835,171732,9.0,12446,18.7,241606
2026-08-09,16,두산에너빌리티,034020,77100.0,13,80,🔴 극단적 고평가 (위험),"⚡ 변동성 확대 (5.47%, 벌점 1.171x)",true,1.11,3.93,,319.92,241,6.15,39.72,0,0.0,무배당 (배당 공시 확인됨),3.06,6025,8245,156.0,493,104.6,12325
2026-08-09,17,셀트리온,068270,199300.0,43,85,🔴 목표가 초과 (고평가 관망),🟢 정상 (1.98%),true,5.94,8.83,,38.14,5226,2.60,33.54,715,0.36,"총 1,662억원 (배당 기준)",1.32,130650,94939,30.0,6713,28.5,167825
2026-08-09,18,현대모비스,012330,496500.0,60,80,🟢 강력 저평가,"⚡ 변동성 확대 (4.15%, 벌점 1.125x)",true,7.68,8.08,,12.97,38292,0.88,8.15,5000,1.31,"총 4,536억원 (배당 기준)",0.63,789198,697210,11.0,45680,19.3,809492
2026-08-09,19,삼성SDI,006400,459000.0,,,⚠️ 데이터 검증 필요,"⚡ 변동성 확대 (6.44%, 벌점 1.205x)",true,-3.15,3.05,,,,1.60,440.78,973,0.21,총 784억원 (배당 기준),,,,56.0,8244,,
2026-08-09,20,하나금융지주,086790,134700.0,68,80,🟢 강력 저평가,"⚡ 변동성 확대 (2.44%, 벌점 1.065x)",false,9.17,9.61,,9.28,14513,0.80,19.69,1366,3.05,"총 3,747억원 (배당 기준)",0.68,198102,234482,8.0,16056,10.6,201692
2026-08-09,21,SK,034730,508000.0,45,80,🟢 강력 저평가,"⚡ 변동성 확대 (7.93%, 벌점 1.258x)",true,6.35,31.07,,14.12,35981,0.95,9.10,6500,1.58,"총 4,712억원 (배당 기준)",0.06,899525,657958,4.0,125347,248.4,1270000
2026-08-09,22,NAVER,035420,210000.0,5,80,🔴 극단적 고평가 (위험),"⚡ 변동성 확대 (5.35%, 벌점 1.167x)",true,7.37,6.37,,18.23,11521,1.07,9.54,2630,1.25,"총 4,127억원 (배당 기준)",4.62,45507,225556,18.0,11837,2.7,38186
2026-08-09,23,LS ELECTRIC,010120,201000.0,16,80,🔴 목표가 초과 (고평가 관망),"⚡ 변동성 확대 (9.04%, 벌점 1.296x)",false,14.67,23.81,,89.41,2248,14.45,55.02,600,0.3,총 900억원 (배당 기준),1.47,56200,26525,56.0,3608,60.5,90200
2026-08-09,24,LG전자,066570,185000.0,49,80,🟢 강력 저평가,"⚡ 변동성 확대 (5.61%, 벌점 1.176x)",true,4.28,9.01,,34.13,5420,1.30,5.99,850,0.73,"총 1,384억원 (배당 기준)",0.26,135500,131736,15.0,12631,133.0,315775
2026-08-09,25,삼성화재,000810,645000.0,45,80,🟡 목표가 달성 (적정가),"⚡ 변동성 확대 (4.55%, 벌점 1.139x)",false,10.97,9.28,,15.53,41543,1.14,9.27,19500,3.02,"총 8,706억원 (배당 기준)",1.05,615667,727223,14.0,46458,11.8,590762
2026-08-09,26,HD한국조선해양,009540,398500.0,74,80,🟢 강력 저평가,"⚡ 변동성 확대 (4.59%, 벌점 1.141x)",false,17.78,26.52,,11.2,35568,2.08,4.80,9100,3.09,"총 6,440억원 (배당 기준)",0.21,889200,391565,7.0,53747,51.1,996250
2026-08-09,27,HD현대일렉트릭,267260,762000.0,36,80,🔴 목표가 초과 (고평가 관망),"⚡ 변동성 확대 (7.63%, 벌점 1.247x)",false,41.5,40.56,,34.92,21822,13.19,25.03,5200,0.93,"총 1,874억원 (배당 기준)",1.54,493831,168420,29.0,26555,21.7,554194
2026-08-09,28,한화오션,042660,89400.0,60,80,🟢 강력 저평가,"⚡ 변동성 확대 (5.01%, 벌점 1.155x)",false,22.59,27.32,,17.9,4994,4.02,23.12,0,0.0,무배당 (배당 공시 확인됨),0.62,124850,49989,14.0,6425,28.7,160625
2026-08-09,29,효성중공업,298040,2832000.0,36,80,🔴 목표가 초과 (고평가 관망),"⚡ 변동성 확대 (9.68%, 벌점 1.319x)",false,24.41,28.59,,52.29,54157,11.01,32.42,7500,0.26,총 699억원 (배당 기준),0.98,1353925,559850,34.0,82830,52.9,2070750
2026-08-09,30,POSCO홀딩스,005490,331000.0,50,80,🟢 강력 저평가,"⚡ 변동성 확대 (3.38%, 벌점 1.098x)",true,1.18,3.32,,32.57,10164,0.44,6.92,2500,3.02,"총 1,981억원 (배당 기준)",0.24,254100,414774,14.0,23552,131.7,588800
2026-08-09,31,우리금융지주,316140,34800.0,46,80,🟡 목표가 달성 (적정가),"⚡ 변동성 확대 (2.58%, 벌점 1.07x)",false,8.91,8.58,,8.25,4216,0.67,12.22,760,3.91,"총 5,533억원 (배당 기준)",0.99,35034,70193,8.0,4400,4.4,33198
2026-08-09,32,고려아연,010130,1106000.0,65,80,🟢 강력 저평가,"⚡ 변동성 확대 (5.46%, 벌점 1.171x)",false,8.48,11.38,,23.06,47960,2.01,15.41,20000,1.81,"총 4,174억원 (배당 기준)",0.69,1199000,770567,18.0,63195,31.8,1579875
2026-08-09,33,한국전력,015760,35600.0,10,50,🔴 실적 역성장/적자 (위험),"⚡ 변동성 확대 (3.0%, 벌점 1.085x)",false,19.4,11.43,,2.62,13567,0.45,5.51,1542,4.33,"총 9,899억원 (배당 기준)",,,155400,4.0,9011,-33.6,
2026-08-09,34,메리츠금융지주,138040,126300.0,45,80,🟡 목표가 달성 (적정가),"⚡ 변동성 확대 (3.04%, 벌점 1.086x)",false,22.53,22.89,,9.47,13340,1.94,15.93,1350,1.07,"총 2,259억원 (배당 기준)",1.19,106319,139788,9.0,14254,6.9,114096
2026-08-09,35,HMM,011200,21800.0,68,85,🟢 강력 저평가,🟢 정상 (1.99%),true,6.9,6.22,,14.26,1529,0.74,4.81,700,3.21,"총 6,602억원 (배당 기준)",0.69,31665,31835,12.0,1796,17.5,35402
2026-08-09,36,SK이노베이션,096770,120300.0,,,⚠️ 데이터 검증 필요,"⚡ 변동성 확대 (6.05%, 벌점 1.192x)",true,-14.42,11.41,,,,0.86,15.26,2000,1.66,"총 3,381억원 (배당 기준)",,,,8.0,15839,,
2026-08-09,37,KT&G,033780,188800.0,67,80,🟢 저평가,"⚡ 변동성 확대 (2.0%, 벌점 1.05x)",false,11.77,14.22,,18.59,10155,2.11,12.32,4600,3.18,"총 4,775억원 (배당 기준)",0.84,224222,142985,16.0,12070,18.9,258510
2026-08-09,38,LG화학,051910,276000.0,,,⚠️ 데이터 검증 필요,"⚡ 변동성 확대 (4.15%, 벌점 1.125x)",true,-5.5,-1.03,,,,0.62,9.55,2000,0.73,"총 1,411억원 (배당 기준)",,,,,,,
2026-08-09,39,삼성중공업,010140,22050.0,60,80,🟢 강력 저평가,"⚡ 변동성 확대 (4.59%, 벌점 1.141x)",false,13.74,20.28,,34.94,631,4.17,17.94,0,0.0,무배당 (배당 공시 확인됨),0.5,15775,8664,21.0,1068,69.3,26700
2026-08-09,40,두산,000150,1191000.0,16,80,🔴 목표가 초과 (고평가 관망),"⚡ 변동성 확대 (9.86%, 벌점 1.325x)",true,4.99,24.8,,277.88,4286,9.65,14.08,4000,0.34,총 647억원 (배당 기준),0.65,107150,109096,52.0,22687,429.3,567175
2026-08-09,41,미래에셋증권,006800,33900.0,67,80,🟢 강력 저평가,"⚡ 변동성 확대 (5.86%, 벌점 1.185x)",false,12.36,22.63,,10.64,3187,1.40,28.26,298,0.88,"총 1,667억원 (배당 기준)",0.22,79675,41669,7.0,4726,48.3,84750
2026-08-09,42,SK텔레콤,017670,88200.0,36,80,🟢 강력 저평가,"⚡ 변동성 확대 (5.96%, 벌점 1.189x)",true,3.33,10.03,,51.7,1706,1.41,6.01,1660,1.88,"총 3,565억원 (배당 기준)",0.19,42650,49001,14.0,6238,265.7,155950
2026-08-09,43,한미반도체,042700,192300.0,30,50,🔵 Trailing만 검증됨 (Forward 데이터 없음),"⚡ 변동성 확대 (10.9%, 벌점 1.361x)",false,34.76,42.53,,103.0,1867,28.68,68.66,800,0.42,총 762억원 (배당 기준),,,16783,,,,
2026-08-09,44,HD현대,267250,225000.0,67,80,🟢 강력 저평가,"⚡ 변동성 확대 (4.57%, 벌점 1.14x)",false,10.25,30.89,,11.66,19302,1.45,2.86,1300,1.78,"총 1,026억원 (배당 기준)",0.09,482550,259597,5.0,43327,124.5,562500
2026-08-09,45,카카오,035720,39900.0,39,80,🟡 목표가 달성 (적정가),"⚡ 변동성 확대 (2.64%, 벌점 1.072x)",true,4.59,5.27,,35.91,1111,1.53,7.51,75,0.19,총 332억원 (배당 기준),0.99,27775,25532,26.0,1511,36.0,37775
2026-08-09,46,삼성에스디에스,018260,221500.0,12,80,🔴 극단적 고평가 (위험),"⚡ 변동성 확대 (4.94%, 벌점 1.153x)",true,7.89,6.93,,26.76,8277,1.73,7.29,3190,1.44,"총 2,468억원 (배당 기준)",2.26,97999,154416,24.0,9137,10.4,89857
2026-08-09,47,기업은행,024110,20750.0,75,85,🟢 강력 저평가,🟢 정상 (1.88%),true,7.7,7.49,,6.24,3325,0.45,63.36,1048,5.05,"총 8,357억원 (배당 기준)",0.61,33748,58734,6.0,3496,5.1,34150
2026-08-09,48,LG,003550,108100.0,49,80,🟢 강력 저평가,"⚡ 변동성 확대 (3.39%, 벌점 1.099x)",true,2.64,4.03,,34.49,3134,0.56,12.23,2100,2.87,"총 3,175억원 (배당 기준)",0.24,78350,116670,14.0,7615,143.0,190375
2026-08-09,49,LIG디펜스앤에어로스페이스,079550,741000.0,12,80,🔴 극단적 고평가 (위험),"⚡ 변동성 확대 (7.91%, 벌점 1.257x)",false,19.2,23.26,,52.43,14133,10.73,38.53,2950,0.4,총 649억원 (배당 기준),2.5,296793,148190,43.0,17051,20.6,311581
2026-08-09,50,현대로템,064350,146900.0,13,80,🔴 극단적 고평가 (위험),"⚡ 변동성 확대 (6.86%, 벌점 1.22x)",false,30.05,25.77,,19.72,7448,4.98,13.98,600,0.41,총 654억원 (배당 기준),1.81,81257,70308,18.0,8231,10.5,82049
2026-08-09,51,현대글로비스,086280,207500.0,11,50,🔴 실적 역성장/적자 (위험),"⚡ 변동성 확대 (2.97%, 벌점 1.084x)",false,18.13,15.2,,9.28,22348,1.50,5.21,5800,2.8,"총 4,350억원 (배당 기준)",4.22,49165,263739,9.0,22213,-0.6,46285
2026-08-09,52,S-Oil,010950,137600.0,40,80,🟢 강력 저평가,"⚡ 변동성 확대 (4.89%, 벌점 1.151x)",true,2.01,27.67,,17.02,8083,1.67,20.93,330,0.24,총 371억원 (배당 기준),0.09,202075,122413,6.0,24109,198.3,344000
2026-08-09,53,한국항공우주,047810,154200.0,16,80,🔴 목표가 초과 (고평가 관망),"⚡ 변동성 확대 (6.45%, 벌점 1.206x)",false,10.51,13.82,,76.0,2029,8.06,45.12,500,0.32,총 487억원 (배당 기준),2.1,50725,29553,56.0,2758,35.9,68950
2026-08-09,54,에이피알,278470,384500.0,69,80,🟢 강력 저평가,"⚡ 변동성 확대 (3.68%, 벌점 1.109x)",false,75.3,90.38,,40.48,9498,28.42,35.93,1500,1.32,총 561억원 (배당 기준),0.62,237450,53770,25.0,15540,63.6,388500
2026-08-09,55,포스코퓨처엠,003670,155800.0,,,🔴 측정 불가 (데이터 오류),"⚡ 변동성 확대 (5.18%, 벌점 1.161x)",true,0.92,0.54,,,,3.34,76.35,250,0.16,총 222억원 (배당 기준),,,,636.0,245,,
2026-08-09,56,KT,030200,53300.0,10,50,🔴 실적 역성장/적자 (위험),"⚡ 변동성 확대 (2.05%, 벌점 1.052x)",false,10.22,7.91,,8.7,6124,0.71,3.22,600,4.5,"총 1,512억원 (배당 기준)",,,101705,9.0,5690,-7.1,
2026-08-09,57,한화시스템,272210,70700.0,10,50,🔴 실적 역성장/적자 (위험),"⚡ 변동성 확대 (7.03%, 벌점 1.226x)",true,6.6,2.97,,83.77,844,2.67,48.59,500,0.71,총 944억원 (배당 기준),,,22424,88.0,808,-4.3,
2026-08-09,58,LG이노텍,011070,552000.0,59,80,🟢 강력 저평가,"⚡ 변동성 확대 (9.03%, 벌점 1.296x)",true,6.14,14.79,,26.95,20484,2.15,7.68,1880,0.34,총 444억원 (배당 기준),0.3,512100,343992,14.0,39030,90.5,975750
2026-08-09,59,현대건설,000720,109900.0,35,80,🔴 목표가 초과 (고평가 관망),"⚡ 변동성 확대 (6.91%, 벌점 1.222x)",true,4.58,5.95,,28.98,3792,1.35,12.96,800,0.73,총 890억원 (배당 기준),1.32,83158,83341,24.0,4596,21.2,78322
2026-08-09,60,현대오토에버,307950,412000.0,9,80,🔴 극단적 고평가 (위험),"⚡ 변동성 확대 (7.13%, 벌점 1.23x)",false,10.27,11.02,,62.49,6593,6.21,24.72,1900,0.46,총 521억원 (배당 기준),3.48,118410,99205,53.0,7745,17.5,112162
2026-08-09,61,크래프톤,259960,241500.0,35,80,🔴 목표가 초과 (고평가 관망),"⚡ 변동성 확대 (3.75%, 벌점 1.111x)",false,10.6,12.59,,13.06,18485,1.45,7.01,2240,0.93,"총 1,033억원 (배당 기준)",1.38,174313,263194,12.0,20065,8.5,171143
2026-08-09,62,DB손해보험,005830,165900.0,33,35,🔵 Trailing만 검증됨 (Forward 데이터 없음),"⚡ 변동성 확대 (2.73%, 벌점 1.076x)",false,17.75,,,7.32,22663,0.87,4.11,7600,4.58,"총 4,978억원 (배당 기준)",,,311827,,,,
2026-08-09,63,카카오뱅크,323410,22000.0,43,80,🟡 목표가 달성 (적정가),"⚡ 변동성 확대 (2.32%, 벌점 1.061x)",true,7.23,8.77,,19.8,1111,1.58,11.82,460,2.09,"총 2,194억원 (배당 기준)",1.2,18320,18657,17.0,1271,14.4,19222
2026-08-09,64,한국금융지주,071050,188000.0,79,80,🟢 강력 저평가,"⚡ 변동성 확대 (5.91%, 벌점 1.187x)",false,18.66,22.61,,4.67,40219,0.86,22.33,8690,4.62,"총 4,842억원 (배당 기준)",0.23,470000,444771,4.0,46408,15.4,470000
2026-08-09,65,NH투자증권,005940,27800.0,79,80,🟢 강력 저평가,"⚡ 변동성 확대 (3.94%, 벌점 1.118x)",false,11.76,16.94,,7.8,3565,1.05,23.11,1300,4.68,"총 4,799억원 (배당 기준)",0.25,69500,46084,6.0,4521,26.8,69500
2026-08-09,66,삼성에피스홀딩스,0126Z0,411500.0,,,🔴 데이터 없음 (측정 불가),"⚡ 변동성 확대 (3.64%, 벌점 1.107x)",false,,3.93,,19.4,21211,1.70,2345.68,0,0.0,무배당 (배당 공시 확인됨),,,339885,43.0,9510,-55.2,
2026-08-09,67,포스코인터내셔널,047050,58000.0,72,80,🟢 강력 저평가,"⚡ 변동성 확대 (3.73%, 벌점 1.111x)",false,9.27,13.21,,15.01,3864,1.47,9.27,1000,3.19,"총 1,759억원 (배당 기준)",0.39,96600,58569,11.0,5227,35.3,130675
2026-08-09,68,대한항공,003490,27150.0,9,50,🔴 실적 역성장/적자 (위험),"⚡ 변동성 확대 (2.67%, 벌점 1.073x)",true,7.28,3.23,,16.26,1670,0.92,6.84,750,2.76,"총 2,761억원 (배당 기준)",,,33300,28.0,964,-42.3,
2026-08-09,69,LS,006260,317000.0,59,80,🟢 강력 저평가,"⚡ 변동성 확대 (8.29%, 벌점 1.27x)",true,5.65,11.8,,29.72,10667,1.71,10.96,2500,0.79,총 780억원 (배당 기준),0.34,266675,210933,16.0,19854,86.1,496350
2026-08-09,70,삼양식품,003230,1306000.0,63,80,🟢 강력 저평가,"⚡ 변동성 확대 (3.48%, 벌점 1.102x)",false,37.59,37.24,,22.62,57735,7.08,16.95,2600,0.37,총 195억원 (배당 기준),0.75,1443375,489515,17.0,74874,29.7,1871850
2026-08-09,71,삼성E&A,028050,48100.0,63,80,🟢 저평가,"⚡ 변동성 확대 (5.69%, 벌점 1.179x)",false,13.76,14.68,,15.14,3176,1.96,7.52,790,1.64,"총 1,548억원 (배당 기준)",0.74,65235,41877,13.0,3777,18.9,67268
2026-08-09,72,GS,078930,98900.0,65,80,🟢 강력 저평가,"⚡ 변동성 확대 (4.95%, 벌점 1.153x)",true,5.55,10.41,,7.11,13909,0.61,6.27,3000,3.03,"총 2,786억원 (배당 기준)",0.29,247250,225254,6.0,16872,21.3,247250
2026-08-09,73,HD현대마린솔루션,443060,196400.0,35,80,🔴 목표가 초과 (고평가 관망),"⚡ 변동성 확대 (4.19%, 벌점 1.127x)",false,33.73,38.43,,28.92,6790,10.40,22.76,1850,2.01,총 829억원 (배당 기준),1.66,118213,53713,25.0,7838,15.4,139244
2026-08-09,74,한국타이어앤테크놀로지,161390,70500.0,70,80,🟢 강력 저평가,"⚡ 변동성 확대 (3.45%, 벌점 1.101x)",false,9.39,10.55,,7.83,9009,0.68,3.77,1500,3.26,"총 1,858억원 (배당 기준)",0.35,176250,144967,7.0,10751,19.3,176250
2026-08-09,75,아모레퍼시픽,090430,141800.0,46,80,🟡 목표가 달성 (적정가),"⚡ 변동성 확대 (3.68%, 벌점 1.109x)",true,4.41,6.68,,41.95,3380,1.79,13.34,1240,0.87,총 725억원 (배당 기준),0.69,84500,77618,26.0,5399,59.7,134975
2026-08-09,76,삼성증권,016360,91000.0,78,80,🟢 강력 저평가,"⚡ 변동성 확대 (5.01%, 벌점 1.155x)",false,13.09,19.61,,6.72,13546,0.99,12.24,4000,4.4,"총 3,572억원 (배당 기준)",0.15,227500,167379,5.0,19014,40.4,227500
2026-08-09,77,하이브,352820,185000.0,,,⚠️ 데이터 검증 필요,"⚡ 변동성 확대 (5.23%, 벌점 1.163x)",true,-7.33,5.6,,,,2.37,37.49,500,0.27,총 215억원 (배당 기준),,,,42.0,4370,,
2026-08-09,78,한진칼,180640,118900.0,11,35,🔵 Trailing만 검증됨 (Forward 데이터 없음),"⚡ 변동성 확대 (5.19%, 벌점 1.162x)",true,4.75,,,47.79,2488,2.34,611.70,360,0.3,총 240억원 (배당 기준),,,53333,,,,
2026-08-09,79,키움증권,039490,277500.0,77,80,🟢 강력 저평가,"⚡ 변동성 확대 (5.58%, 벌점 1.175x)",false,18.12,25.18,,5.58,49724,1.05,16.10,11500,4.14,"총 3,016억원 (배당 기준)",0.13,693750,543765,4.0,69324,39.4,693750
2026-08-09,80,LG씨엔에스,064400,72600.0,10,80,🔴 극단적 고평가 (위험),"⚡ 변동성 확대 (5.25%, 벌점 1.164x)",false,17.35,15.37,,15.24,4764,2.41,8.93,1100,2.55,"총 1,065억원 (배당 기준)",2.8,25963,56825,15.0,4903,2.9,23601
2026-08-09,81,현대차2우B,005387,200500.0,72,80,🟢 강력 저평가,"⚡ 변동성 확대 (3.98%, 벌점 1.119x)",false,8.41,8.45,,6.18,32437,0.44,11.37,2600,5.04,총 909억원 (배당 기준),0.27,501250,576690,5.0,38148,17.6,501250
2026-08-09,82,코웨이,021240,95700.0,41,50,🔵 Trailing만 검증됨 (Forward 데이터 없음),"⚡ 변동성 확대 (2.26%, 벌점 1.059x)",false,18.14,18.58,,10.4,9201,1.82,6.77,1957,2.05,"총 1,384억원 (배당 기준)",,,104335,,,,
2026-08-09,83,대우건설,047040,16410.0,,,⚠️ 데이터 검증 필요,"⚡ 변동성 확대 (7.59%, 벌점 1.246x)",true,-23.89,15.52,,,,1.88,-12.22,0,0.0,무배당 (배당 공시 확인됨),,,,12.0,1372,,
2026-08-09,84,SK바이오팜,326030,85400.0,10,50,🔴 실적 역성장/적자 (위험),"⚡ 변동성 확대 (3.02%, 벌점 1.086x)",false,39.28,33.85,,19.17,4454,7.18,29.10,0,0.0,무배당 (배당 공시 확인됨),,,34525,20.0,4265,-4.2,
2026-08-09,85,HD건설기계,267270,138100.0,59,80,🟢 강력 저평가,"⚡ 변동성 확대 (5.77%, 벌점 1.182x)",true,5.74,16.32,,14.07,9818,1.41,29.61,550,0.4,총 263억원 (배당 기준),0.55,245450,147092,11.0,12291,25.2,275784
2026-08-09,86,유한양행,000100,80600.0,10,50,🔴 실적 역성장/적자 (위험),"⚡ 변동성 확대 (2.51%, 벌점 1.068x)",false,8.81,6.82,,30.8,2617,2.63,37.24,600,0.74,총 477억원 (배당 기준),,,42480,39.0,2056,-21.4,
2026-08-09,87,LG유플러스,032640,14960.0,67,80,🟢 강력 저평가,"⚡ 변동성 확대 (2.17%, 벌점 1.056x)",true,6.01,8.01,,12.08,1238,0.72,3.48,410,4.41,"총 1,740억원 (배당 기준)",0.29,30950,24058,9.0,1695,36.9,37400
2026-08-09,88,두산밥캣,241560,63600.0,61,80,🟢 강력 저평가,"⚡ 변동성 확대 (4.47%, 벌점 1.136x)",true,5.71,7.41,,14.42,4411,0.81,5.81,500,2.67,총 479억원 (배당 기준),0.43,110275,88277,11.0,5767,30.7,144175
2026-08-09,89,이수페타시스,007660,82300.0,62,80,🟢 강력 저평가,"⚡ 변동성 확대 (9.37%, 벌점 1.308x)",false,29.64,29.99,,34.7,2372,7.59,25.36,230,0.28,총 168억원 (배당 기준),0.67,59300,24056,23.0,3600,51.8,90000
2026-08-09,90,한화,000880,83800.0,51,80,🟢 강력 저평가,"⚡ 변동성 확대 (3.19%, 벌점 1.092x)",true,3.3,7.69,,18.15,4618,0.60,0.97,1100,1.31,총 775억원 (배당 기준),0.14,115450,120466,8.0,10479,126.9,209500
2026-08-09,91,한화솔루션,009830,33900.0,,,⚠️ 데이터 검증 필요,"⚡ 변동성 확대 (7.21%, 벌점 1.232x)",true,-7.01,3.49,,,,0.67,48.33,271,0.8,총 465억원 (배당 기준),,,,21.0,1614,,
2026-08-09,92,카카오페이,377300,42000.0,23,80,🔴 목표가 초과 (고평가 관망),"⚡ 변동성 확대 (4.22%, 벌점 1.128x)",true,2.41,6.51,,93.96,447,2.94,16.68,0,0.0,무배당 (배당 공시 확인됨),0.86,11175,11987,45.0,938,109.8,23450
2026-08-09,93,삼성카드,029780,47850.0,11,50,🔴 실적 역성장/적자 (위험),"⚡ 변동성 확대 (2.21%, 벌점 1.057x)",true,7.45,6.86,,8.97,5332,0.58,27.96,2800,5.85,"총 3,244억원 (배당 기준)",1.97,24260,99486,9.0,5262,-1.3,21681
2026-08-09,94,오리온,271560,137600.0,75,85,🟢 강력 저평가,🟢 정상 (1.98%),false,10.51,12.13,,13.5,10190,1.40,5.77,3500,2.54,"총 1,383억원 (배당 기준)",0.62,222549,150115,11.0,12153,19.3,265713
2026-08-09,95,JB금융지주,175330,28850.0,67,80,🟢 저평가,"⚡ 변동성 확대 (3.81%, 벌점 1.113x)",false,12.36,12.22,,7.73,3731,0.91,18.78,660,3.95,"총 1,231억원 (배당 기준)",0.77,37496,51589,7.0,3959,6.1,35812
2026-08-09,96,NC,036570,248500.0,4,80,🔴 극단적 고평가 (위험),"⚡ 변동성 확대 (2.9%, 벌점 1.082x)",false,10.79,12.96,,11.7,21244,1.37,33.26,1150,0.46,총 247억원 (배당 기준),5.97,41638,294451,12.0,21561,1.5,39369
2026-08-09,97,대한전선,001440,27100.0,16,80,🔴 목표가 초과 (고평가 관망),"⚡ 변동성 확대 (8.01%, 벌점 1.26x)",true,5.48,5.46,,103.44,262,3.18,33.14,0,0.0,무배당 (배당 공시 확인됨),1.29,6550,7088,57.0,472,80.2,11800
2026-08-09,98,대덕전자,353200,103800.0,54,80,🟢 강력 저평가,"⚡ 변동성 확대 (11.23%, 벌점 1.373x)",true,5.37,23.04,,54.12,1918,5.82,33.36,500,0.48,총 247억원 (배당 기준),0.41,47950,27743,23.0,4465,132.8,111625
2026-08-09,99,OCI홀딩스,010060,272500.0,,,⚠️ 데이터 검증 필요,"⚡ 변동성 확대 (10.53%, 벌점 1.349x)",true,-2.27,4.03,,,,1.26,31.24,1000,0.37,총 186억원 (배당 기준),,,,32.0,8632,,
2026-08-09,100,한미약품,128940,392500.0,42,80,🔴 목표가 초과 (고평가 관망),"⚡ 변동성 확대 (5.36%, 벌점 1.168x)",false,14.53,15.62,,29.16,13460,3.83,14.76,2000,0.51,총 256억원 (배당 기준),1.27,309714,176171,24.0,16486,22.5,334588
2026-08-09,101,LG생활건강,051900,333500.0,,,⚠️ 데이터 검증 필요,"⚡ 변동성 확대 (3.64%, 벌점 1.107x)",true,-1.82,4.19,,,,1.00,10.37,1000,0.6,총 149억원 (배당 기준),,,,25.0,13547,,
2026-08-09,102,LG디스플레이,034220,9770.0,,,⚠️ 데이터 검증 필요,"⚡ 변동성 확대 (4.16%, 벌점 1.126x)",true,3.44,0.46,,,,0.76,3.29,0,0.0,무배당 (배당 공시 확인됨),,,,158.0,62,,
2026-08-09,103,산일전기,062040,157300.0,51,80,🟡 적정가 형성,"⚡ 변동성 확대 (7.98%, 벌점 1.259x)",false,29.21,30.93,,29.3,5368,8.08,25.25,1250,0.8,총 383억원 (배당 기준),1.11,134200,48490,23.0,6740,25.6,162530
2026-08-09,104,맥쿼리인프라,088980,9980.0,,,⚠️ 데이터 검증 필요,🟢 정상 (1.0%),false,,,,,,,,,,데이터 없음 (배당 정보 미수집),,,,,,,
2026-08-09,105,현대차우,005385,197500.0,72,80,🟢 강력 저평가,"⚡ 변동성 확대 (4.05%, 벌점 1.122x)",false,8.41,8.45,,6.09,32437,0.43,11.37,2550,5.09,총 595억원 (배당 기준),0.27,493750,578976,5.0,38148,17.6,493750
2026-08-09,106,두산로보틱스,454910,70700.0,,,⚠️ 데이터 검증 필요,"⚡ 변동성 확대 (5.98%, 벌점 1.189x)",true,-14.78,1.98,,,,13.44,-84.24,0,0.0,무배당 (배당 공시 확인됨),,,,,,,
2026-08-09,107,가온전선,000500,147700.0,27,50,🔵 Trailing만 검증됨 (Forward 데이터 없음),"⚡ 변동성 확대 (11.49%, 벌점 1.382x)",false,10.97,18.59,,78.9,1872,8.78,45.50,56,0.04,총 16억원 (배당 기준),,,26619,,,,
2026-08-09,108,CJ,001040,145700.0,49,80,🟢 강력 저평가,"⚡ 변동성 확대 (3.19%, 벌점 1.092x)",true,2.69,7.29,,34.4,4236,0.92,3.37,3300,2.27,총 962억원 (배당 기준),0.22,105900,122858,13.0,10862,156.4,271550
2026-08-09,109,영원무역,111770,93400.0,63,80,🟢 저평가,"⚡ 변동성 확대 (2.58%, 벌점 1.07x)",false,12.66,13.71,,7.48,12493,0.92,5.02,1400,2.25,총 620억원 (배당 기준),0.72,129302,168929,7.0,13504,8.1,132490
2026-08-09,110,SKC,011790,81200.0,,,⚠️ 데이터 검증 필요,"⚡ 변동성 확대 (6.62%, 벌점 1.212x)",true,-73.28,-29.76,,,,3.31,-56.79,0,0.0,무배당 (배당 공시 확인됨),,,,,,,
2026-08-09,111,신세계,004170,420000.0,24,80,🟢 강력 저평가,"⚡ 변동성 확대 (5.81%, 벌점 1.183x)",true,0.32,8.4,,52.88,7942,0.78,8.50,5200,1.24,총 491억원 (배당 기준),0.13,198550,310194,10.0,41089,417.4,1027225
2026-08-09,112,한화생명,088350,4555.0,56,65,🟢 강력 저평가,"⚡ 변동성 확대 (4.25%, 벌점 1.129x)",true,6.51,,,5.35,852,0.23,13.25,150,3.29,"총 1,302억원 (배당 기준)",0.36,11387,19485,5.0,950,11.5,11387
2026-08-09,113,한전기술,052690,101900.0,16,80,🔴 목표가 초과 (고평가 관망),"⚡ 변동성 확대 (5.36%, 벌점 1.168x)",false,14.2,10.42,,116.06,878,6.59,63.78,1347,1.32,총 514억원 (배당 기준),1.2,21950,17478,59.0,1714,95.2,42850
2026-08-09,114,KCC,002380,442000.0,75,80,🟢 강력 저평가,"⚡ 변동성 확대 (5.36%, 벌점 1.168x)",false,23.51,20.39,,2.3,192585,0.40,8.76,14000,3.39,"총 1,203억원 (배당 기준)",0.29,1105000,2188183,2.0,201206,4.5,1105000
2026-08-09,115,현대제철,004020,28300.0,,,⚠️ 데이터 검증 필요,"⚡ 변동성 확대 (4.19%, 벌점 1.127x)",true,-0.04,0.56,,524.07,54,0.19,5.75,500,1.77,총 667억원 (배당 기준),0.36,1350,13453,33.0,845,1464.8,21125
2026-08-09,116,한온시스템,018880,3625.0,,,⚠️ 데이터 검증 필요,"⚡ 변동성 확대 (3.97%, 벌점 1.119x)",true,-6.0,6.52,,,,0.94,6.56,278,7.67,"총 2,853억원 (배당 기준)",,,,15.0,245,,
2026-08-09,117,엘앤에프,066970,90200.0,,,⚠️ 데이터 검증 필요,"⚡ 변동성 확대 (7.21%, 벌점 1.232x)",true,-76.95,-6.71,,,,5.28,-70.51,0,0.0,무배당 (배당 공시 확인됨),,,,,,,
2026-08-09,118,DB하이텍,000990,84100.0,68,80,🟢 강력 저평가,"⚡ 변동성 확대 (7.59%, 벌점 1.246x)",false,12.52,15.86,,12.47,6746,1.56,6.68,810,0.96,총 352억원 (배당 기준),0.49,168650,90459,10.0,8413,24.7,178835
2026-08-09,119,한화엔진,082740,42500.0,11,50,🔴 실적 역성장/적자 (위험),"⚡ 변동성 확대 (6.76%, 벌점 1.217x)",false,36.6,30.6,,17.12,2483,5.81,21.57,0,0.0,무배당 (배당 공시 확인됨),,,20216,18.0,2412,-2.9,
2026-08-09,120,넷마블,251270,40900.0,59,80,🟢 강력 저평가,"⚡ 변동성 확대 (3.0%, 벌점 1.085x)",true,4.15,8.71,,9.73,4204,0.58,8.44,876,2.14,총 717억원 (배당 기준),0.22,102250,81671,7.0,5935,41.2,102250
2026-08-09,121,현대해상,001450,39300.0,34,35,🔵 Trailing만 검증됨 (Forward 데이터 없음),"⚡ 변동성 확대 (3.32%, 벌점 1.096x)",false,20.6,,,3.34,11772,0.55,3.50,2063,5.25,"총 1,758억원 (배당 기준)",,,137572,,,,
2026-08-09,122,한국가스공사,036460,35750.0,44,80,🟢 강력 저평가,"⚡ 변동성 확대 (2.15%, 벌점 1.055x)",true,1.23,8.86,,10.51,3403,0.27,9.55,1154,3.23,"총 1,065억원 (배당 기준)",0.05,85075,100688,3.0,10764,216.3,89375
2026-08-09,123,금호석유화학,011780,129600.0,55,80,🟢 강력 저평가,"⚡ 변동성 확대 (3.51%, 벌점 1.103x)",true,4.74,6.61,,14.45,8970,0.52,5.66,1700,1.31,총 427억원 (배당 기준),0.21,224250,224279,9.0,15121,68.6,324000
2026-08-09,124,팬오션,028670,6040.0,61,80,🟢 강력 저평가,"⚡ 변동성 확대 (5.13%, 벌점 1.16x)",true,5.3,7.89,,9.97,606,0.53,6.79,150,2.48,총 801억원 (배당 기준),0.2,15100,12465,7.0,888,46.5,15100
2026-08-09,125,포스코DX,022100,20750.0,18,35,🔵 Trailing만 검증됨 (Forward 데이터 없음),"⚡ 변동성 확대 (5.12%, 벌점 1.159x)",false,9.53,,,91.41,227,5.65,39.04,125,0.6,총 190억원 (배당 기준),,,4331,,,,
2026-08-09,126,강원랜드,035250,14690.0,76,85,🟢 강력 저평가,🟢 정상 (1.16%),false,8.11,7.77,,11.1,1324,0.77,-0.03,950,6.47,"총 2,032억원 (배당 기준)",0.66,22335,23840,10.0,1462,10.4,23793
2026-08-09,127,서울보증보험,031210,44400.0,30,35,🔵 Trailing만 검증됨 (Forward 데이터 없음),🟢 정상 (1.94%),true,5.18,,,10.11,4390,0.62,6.67,2865,6.45,"총 2,000억원 (배당 기준)",,,84104,,,,
2026-08-09,128,CJ제일제당,097950,204500.0,,,⚠️ 데이터 검증 필요,🟢 정상 (1.73%),true,-7.67,5.4,,,,0.44,4.71,1500,2.93,총 225억원 (배당 기준),,,,9.0,23833,,
2026-08-09,129,달바글로벌,483650,246000.0,61,80,🟢 저평가,"⚡ 변동성 확대 (5.36%, 벌점 1.168x)",false,52.59,53.65,,33.13,7425,13.18,28.68,403,1.07,총 50억원 (배당 기준),0.83,185625,55841,24.0,10305,38.8,257625
2026-08-09,130,한미사이언스,008930,44650.0,20,35,🔵 Trailing만 검증됨 (Forward 데이터 없음),"⚡ 변동성 확대 (3.19%, 벌점 1.092x)",false,13.13,,,22.45,1989,3.02,47.27,300,0.67,총 205억원 (배당 기준),,,25723,,,,
2026-08-09,131,에스원,012750,76600.0,24,80,🔴 목표가 초과 (고평가 관망),"⚡ 변동성 확대 (2.95%, 벌점 1.083x)",false,10.45,9.42,,18.41,4160,1.55,5.01,3200,4.18,"총 1,215억원 (배당 기준)",1.68,45676,68012,17.0,4443,6.8,44076
2026-08-09,132,SK바이오사이언스,302440,36850.0,,,⚠️ 데이터 검증 필요,"⚡ 변동성 확대 (2.44%, 벌점 1.065x)",true,-3.2,,,,,1.63,-75.57,0,0.0,무배당 (배당 공시 확인됨),,,,,,,
2026-08-09,133,현대엘리베이터,017800,72500.0,47,50,🔵 Trailing만 검증됨 (Forward 데이터 없음),"⚡ 변동성 확대 (2.34%, 벌점 1.062x)",false,20.11,12.54,,11.14,6507,2.75,9.66,12010,19.32,"총 4,694억원 (배당 기준)",,,62128,,,,
2026-08-09,134,iM금융지주,139130,17870.0,67,80,🟢 강력 저평가,"⚡ 변동성 확대 (3.09%, 벌점 1.088x)",true,7.27,7.55,,6.55,2727,0.46,27.41,700,3.92,"총 1,108억원 (배당 기준)",0.47,38232,48822,6.0,3003,10.1,37261
2026-08-09,135,한올바이오파마,009420,54100.0,,,🔴 측정 불가 (데이터 오류),"⚡ 변동성 확대 (6.39%, 벌점 1.204x)",true,-3.37,0.13,,,,16.92,1071.17,0,0.0,무배당 (배당 공시 확인됨),,,,13525.0,4,,
2026-08-09,136,롯데쇼핑,023530,99700.0,51,80,🟢 강력 저평가,"⚡ 변동성 확대 (4.36%, 벌점 1.133x)",true,0.34,2.44,,17.24,5782,0.18,9.08,2800,4.01,총 792억원 (배당 기준),0.13,144550,268437,7.0,13389,131.6,249250
2026-08-09,137,DL이앤씨,375500,72000.0,11,50,🔴 실적 역성장/적자 (위험),"⚡ 변동성 확대 (5.33%, 벌점 1.167x)",true,7.34,9.05,,6.18,11652,0.56,4.25,890,1.24,총 344억원 (배당 기준),,1631,183596,6.0,11520,-1.1,1348
2026-08-09,138,DN오토모티브,007340,47600.0,40,50,🔵 Trailing만 검증됨 (Forward 데이터 없음),"⚡ 변동성 확대 (5.52%, 벌점 1.173x)",false,15.02,16.04,,9.54,4990,1.15,6.99,500,2.1,총 292억원 (배당 기준),,,68170,,,,
2026-08-09,139,일진전기,103590,58300.0,67,80,🟢 강력 저평가,"⚡ 변동성 확대 (7.01%, 벌점 1.225x)",false,19.08,24.39,,23.78,2452,4.61,16.23,500,0.86,총 238억원 (배당 기준),0.63,61300,26414,17.0,3352,36.7,83800
2026-08-09,140,GS건설,006360,31650.0,45,80,🟢 강력 저평가,"⚡ 변동성 확대 (9.42%, 벌점 1.31x)",true,2.03,3.15,,41.54,762,0.55,8.31,500,1.58,총 427억원 (배당 기준),0.31,19050,31410,18.0,1786,134.4,44650
2026-08-09,141,영원무역홀딩스,009970,206500.0,29,35,🔵 Trailing만 검증됨 (Forward 데이터 없음),"⚡ 변동성 확대 (2.74%, 벌점 1.076x)",false,12.83,,,7.07,29208,0.77,1.11,4176,3.18,총 540억원 (배당 기준),,,419814,,,,
2026-08-09,142,효성,004800,158100.0,74,80,🟢 강력 저평가,"⚡ 변동성 확대 (6.51%, 벌점 1.208x)",false,14.35,15.25,,7.83,20200,1.07,7.50,5000,3.16,총 837억원 (배당 기준),0.39,395250,259144,7.0,23635,17.0,395250
2026-08-09,143,BGF리테일,282330,153100.0,38,80,🔴 목표가 초과 (고평가 관망),"⚡ 변동성 확대 (4.59%, 벌점 1.141x)",false,15.64,16.75,,12.53,12219,2.08,3.83,4100,2.68,총 708억원 (배당 기준),1.29,118279,142254,12.0,13073,7.0,115300
2026-08-09,144,동서,026960,26500.0,31,35,🔵 Trailing만 검증됨 (Forward 데이터 없음),"⚡ 변동성 확대 (2.04%, 벌점 1.051x)",false,8.48,,,18.33,1446,1.56,38.17,890,4.3,총 887억원 (배당 기준),,,23509,,,,
2026-08-09,145,롯데케미칼,011170,61000.0,,,⚠️ 데이터 검증 필요,"⚡ 변동성 확대 (3.37%, 벌점 1.098x)",true,-15.13,-1.46,,,,0.20,32.83,500,1.64,총 213억원 (배당 기준),,,,,,,
2026-08-09,146,코리안리,003690,14530.0,31,35,🔵 Trailing만 검증됨 (Forward 데이터 없음),"⚡ 변동성 확대 (2.08%, 벌점 1.053x)",false,9.03,,,6.41,2267,0.68,4.17,570,3.92,"총 1,007억원 (배당 기준)",,,33014,,,,
2026-08-09,147,F&F,383220,67000.0,10,50,🔴 실적 역성장/적자 (위험),"⚡ 변동성 확대 (5.82%, 벌점 1.184x)",false,23.16,23.51,,5.0,13394,1.27,4.63,2700,4.03,"총 1,034억원 (배당 기준)",,,126090,5.0,12701,-5.2,
2026-08-09,148,에스엘,005850,55200.0,79,80,🟢 강력 저평가,"⚡ 변동성 확대 (3.51%, 벌점 1.103x)",false,12.81,14.4,,7.47,7388,0.98,3.51,2770,5.02,"총 1,286억원 (배당 기준)",0.43,127960,96763,7.0,8294,12.3,132842
2026-08-09,149,에코프로머티,450080,35950.0,6,35,🔵 Trailing만 검증됨 (Forward 데이터 없음),"⚡ 변동성 확대 (5.88%, 벌점 1.186x)",true,2.56,,,59.52,604,2.34,-79.25,0,0.0,무배당 (배당 공시 확인됨),,,14449,,,,
2026-08-09,150,한국콜마,161890,106700.0,39,80,🔴 목표가 초과 (고평가 관망),"⚡ 변동성 확대 (4.23%, 벌점 1.128x)",false,14.69,17.68,,16.04,6651,2.69,10.00,864,0.81,총 203억원 (배당 기준),1.32,80543,77044,14.0,7405,11.3,83259
2026-08-09,151,신영증권,001720,151400.0,32,35,🔵 Trailing만 검증됨 (Forward 데이터 없음),"⚡ 변동성 확대 (3.98%, 벌점 1.119x)",false,8.04,,,16.69,9073,0.60,15.60,7500,4.95,"총 1,233억원 (배당 기준)",,,226962,,,,
2026-08-09,152,미스토홀딩스,081660,46600.0,76,80,🟢 강력 저평가,"⚡ 변동성 확대 (4.01%, 벌점 1.12x)",false,11.39,13.61,,11.7,3982,1.22,5.61,1040,4.25,총 552억원 (배당 기준),0.35,99550,58500,9.0,5155,29.5,116500
2026-08-09,153,한화비전,489790,48900.0,27,80,🟢 강력 저평가,"⚡ 변동성 확대 (7.74%, 벌점 1.251x)",true,5.4,19.84,,72.55,674,2.84,12.39,0,0.0,무배당 (배당 공시 확인됨),0.16,16850,16159,13.0,3786,461.7,94650
2026-08-09,154,농심,004370,405000.0,44,85,🔴 목표가 초과 (고평가 관망),🟢 정상 (1.84%),true,6.18,6.69,,13.79,29364,0.81,4.56,6000,1.48,총 364억원 (배당 기준),1.26,322416,574756,13.0,32143,9.5,337330
2026-08-09,155,한국앤컴퍼니,000240,25850.0,30,35,🔵 Trailing만 검증됨 (Forward 데이터 없음),🟢 정상 (1.87%),true,7.52,,,6.88,3755,0.49,5.45,800,4.26,총 759억원 (배당 기준),,,66762,,,,
2026-08-09,156,한솔케미칼,014680,222500.0,47,80,🟡 목표가 달성 (적정가),"⚡ 변동성 확대 (5.1%, 벌점 1.159x)",false,14.34,14.98,,16.58,13418,2.20,11.79,2600,1.17,총 280억원 (배당 기준),1.05,211601,174739,14.0,15383,14.6,214500
2026-08-09,157,HL만도,204320,50800.0,56,80,🟢 강력 저평가,"⚡ 변동성 확대 (5.15%, 벌점 1.16x)",true,3.82,7.3,,19.89,2554,0.84,5.03,750,1.48,총 352억원 (배당 기준),0.28,63850,58951,12.0,4309,68.7,107725
2026-08-09,158,GS리테일,007070,28350.0,46,80,🟢 강력 저평가,"⚡ 변동성 확대 (3.3%, 벌점 1.095x)",true,1.34,6.0,,29.72,954,0.72,4.42,600,2.12,총 501억원 (배당 기준),0.19,23850,29072,12.0,2426,154.3,60650
2026-08-09,159,롯데지주,004990,23700.0,,,⚠️ 데이터 검증 필요,"⚡ 변동성 확대 (2.15%, 벌점 1.055x)",true,-10.51,1.48,,,,0.27,8.08,1250,5.27,"총 1,245억원 (배당 기준)",,,,26.0,897,,
2026-08-09,160,미래에셋생명,085620,17390.0,9,35,🔵 Trailing만 검증됨 (Forward 데이터 없음),"⚡ 변동성 확대 (5.68%, 벌점 1.179x)",true,5.22,,,21.44,811,0.79,8.09,0,0.0,무배당 (배당 공시 확인됨),,,20042,,,,
2026-08-09,161,풍산,103140,83600.0,65,80,🟢 강력 저평가,"⚡ 변동성 확대 (6.52%, 벌점 1.208x)",true,6.54,12.28,,12.76,6552,0.97,8.18,1700,2.03,총 476억원 (배당 기준),0.2,163800,112719,8.0,10612,62.0,209000
2026-08-09,162,코스맥스,192820,205500.0,11,50,🔴 실적 역성장/적자 (위험),"⚡ 변동성 확대 (3.48%, 벌점 1.102x)",false,23.86,24.73,,14.9,13790,3.98,10.88,3300,1.61,총 374억원 (배당 기준),,,126572,15.0,13356,-3.1,
2026-08-09,163,케이뱅크,279570,5590.0,15,50,🔵 Trailing만 검증됨 (Forward 데이터 없음),"⚡ 변동성 확대 (3.53%, 벌점 1.104x)",true,5.4,5.01,,16.3,343,0.94,15.65,0,0.0,무배당 (배당 공시 확인됨),,,6775,,,,
2026-08-09,164,이마트,139480,81600.0,5,80,🔴 극단적 고평가 (위험),"⚡ 변동성 확대 (2.66%, 벌점 1.073x)",true,1.27,1.15,,17.99,4536,0.19,6.72,2500,3.06,총 689억원 (배당 기준),4.78,17055,209361,18.0,4566,0.7,14553
2026-08-09,165,금호타이어,073240,7810.0,60,80,🟢 강력 저평가,"⚡ 변동성 확대 (10.04%, 벌점 1.331x)",false,18.53,18.0,,6.49,1204,1.00,4.00,0,0.0,무배당 (배당 공시 확인됨),0.37,19525,14546,6.0,1417,17.7,19525
2026-08-09,166,현대지에프홀딩스,005440,12190.0,10,50,🔴 실적 역성장/적자 (위험),"⚡ 변동성 확대 (4.76%, 벌점 1.147x)",false,11.18,7.57,,5.76,2118,0.46,3.82,235,2.46,총 430억원 (배당 기준),,,35537,7.0,1850,-12.7,
2026-08-09,167,제일기획,030000,19170.0,77,85,🟢 저평가,🟢 정상 (1.7%),false,13.7,13.94,,10.63,1803,1.28,3.93,1230,6.42,"총 1,415억원 (배당 기준)",0.75,25638,24649,10.0,1943,7.8,28077
2026-08-09,168,현대백화점,069960,101800.0,57,80,🟢 강력 저평가,"⚡ 변동성 확대 (4.82%, 벌점 1.149x)",true,4.64,5.95,,11.07,9192,0.48,3.99,1650,2.11,총 355억원 (배당 기준),0.28,229800,209435,8.0,12679,37.9,254500
2026-08-09,169,한전KPS,051600,47250.0,47,80,🟡 목표가 달성 (적정가),"⚡ 변동성 확대 (2.92%, 벌점 1.082x)",false,9.29,11.38,,14.93,3165,1.62,8.52,1651,3.49,총 742억원 (배당 기준),1.06,44594,45574,14.0,3500,10.6,45340
2026-08-09,170,SK가스,018670,228000.0,74,80,🟢 강력 저평가,"⚡ 변동성 확대 (5.44%, 벌점 1.17x)",false,8.25,13.96,,5.24,43498,0.65,7.62,7000,3.95,총 648억원 (배당 기준),0.28,570000,585918,5.0,49871,14.7,570000
2026-08-09,171,아모레퍼시픽홀딩스,002790,27250.0,18,35,🔵 Trailing만 검증됨 (Forward 데이터 없음),"⚡ 변동성 확대 (2.39%, 벌점 1.064x)",true,3.64,,,20.77,1312,0.70,1.23,400,1.47,총 305억원 (배당 기준),,,33899,,,,
2026-08-09,172,두산퓨얼셀,336260,30550.0,,,⚠️ 데이터 검증 필요,"⚡ 변동성 확대 (14.1%, 벌점 1.4x)",true,-30.66,-27.78,,,,7.03,-32.19,0,0.0,무배당 (배당 공시 확인됨),,,,,,,
2026-08-09,173,시프트업,462870,32750.0,10,50,🔴 실적 역성장/적자 (위험),"⚡ 변동성 확대 (2.57%, 벌점 1.07x)",false,22.71,13.25,,10.04,3262,1.98,7.43,0,0.0,무배당 (배당 공시 확인됨),,,34842,15.0,2225,-31.8,
2026-08-09,174,이수스페셜티케미컬,457190,62800.0,,,⚠️ 데이터 검증 필요,"⚡ 변동성 확대 (5.72%, 벌점 1.18x)",true,0.61,,,,,14.07,148.63,0,0.0,무배당 (배당 공시 확인됨),,,,,,,
2026-08-09,175,HD현대마린엔진,071970,55200.0,10,50,🔴 실적 역성장/적자 (위험),"⚡ 변동성 확대 (8.04%, 벌점 1.261x)",false,41.36,25.63,,10.44,5288,3.75,19.27,0,0.0,무배당 (배당 공시 확인됨),,,41850,15.0,3786,-28.4,
2026-08-09,176,대한조선,439260,49150.0,57,80,🟢 저평가,"⚡ 변동성 확대 (4.53%, 벌점 1.139x)",false,32.19,24.95,,6.66,7377,1.66,4.46,250,0.51,총 95억원 (배당 기준),0.82,59827,70103,6.0,7937,7.6,62611
2026-08-09,177,씨에스윈드,112610,43850.0,,,⚠️ 데이터 검증 필요,"⚡ 변동성 확대 (4.81%, 벌점 1.148x)",true,3.02,14.51,,,,1.51,5.30,1000,2.28,총 421억원 (배당 기준),,,,10.0,4297,,
2026-08-09,178,CJ대한통운,000120,79000.0,10,50,🔴 실적 역성장/적자 (위험),"⚡ 변동성 확대 (2.43%, 벌점 1.065x)",true,5.98,5.26,,7.48,10558,0.38,4.49,800,1.01,총 182억원 (배당 기준),,,222231,8.0,9792,-7.3,
2026-08-09,179,코오롱인더,120110,58600.0,51,80,🟢 강력 저평가,"⚡ 변동성 확대 (4.84%, 벌점 1.149x)",true,1.01,5.42,,18.45,3177,0.43,11.12,700,2.22,총 209억원 (배당 기준),0.15,79425,98699,8.0,6904,117.3,146500
2026-08-09,180,두산우,000155,436000.0,34,80,🟢 강력 저평가,"⚡ 변동성 확대 (7.78%, 벌점 1.252x)",true,4.99,24.8,,101.73,4286,3.53,14.08,4050,0.93,총 161억원 (배당 기준),0.24,107150,109137,19.0,22687,429.3,567175
2026-08-09,181,SK이터닉스,475150,50500.0,9,80,🔴 극단적 고평가 (위험),"⚡ 변동성 확대 (12.68%, 벌점 1.4x)",false,11.93,10.49,,69.27,729,6.36,25.74,0,0.0,무배당 (배당 공시 확인됨),3.13,16110,11412,57.0,890,22.1,13872
2026-08-09,182,현대위아,011210,62500.0,25,80,🟢 강력 저평가,"⚡ 변동성 확대 (3.63%, 벌점 1.107x)",true,2.75,4.12,,48.52,1288,0.45,2.58,1200,1.92,총 326억원 (배당 기준),0.15,32200,63443,11.0,5544,330.4,138600
2026-08-09,183,SK리츠,395400,5620.0,,,⚠️ 데이터 검증 필요,🟢 정상 (1.87%),true,1.04,,,87.81,64,,87.47,,,데이터 없음 (배당 정보 미수집),,,,,,,
2026-08-09,184,호텔신라,008770,42700.0,,,⚠️ 데이터 검증 필요,"⚡ 변동성 확대 (2.93%, 벌점 1.083x)",true,-14.46,9.9,,,,1.45,18.84,200,0.47,총 78억원 (배당 기준),,,,15.0,2878,,
2026-08-09,185,오리온홀딩스,001800,27750.0,27,35,🔵 Trailing만 검증됨 (Forward 데이터 없음),"⚡ 변동성 확대 (2.28%, 벌점 1.06x)",true,5.01,,,12.91,2149,0.67,0.73,1100,3.96,총 661억원 (배당 기준),,,44751,,,,
2026-08-09,186,동원산업,006040,37750.0,10,50,🔴 실적 역성장/적자 (위험),"⚡ 변동성 확대 (2.02%, 벌점 1.051x)",false,11.61,9.25,,3.92,9628,0.45,4.48,600,3.05,총 264억원 (배당 기준),,,134807,5.0,7716,-19.9,
2026-08-09,187,다우기술,023590,38400.0,33,35,🔵 Trailing만 검증됨 (Forward 데이터 없음),"⚡ 변동성 확대 (3.71%, 벌점 1.11x)",false,15.95,,,2.81,13677,0.46,-18.53,1800,4.69,총 779억원 (배당 기준),,,160278,,,,
2026-08-09,188,롯데에너지머티리얼즈,020150,30600.0,,,⚠️ 데이터 검증 필요,"⚡ 변동성 확대 (7.02%, 벌점 1.226x)",true,-10.54,-1.77,,,,0.93,-26.02,200,0.65,총 104억원 (배당 기준),,,,,,,
2026-08-09,189,SK네트웍스,001740,7820.0,9,50,🔴 실적 역성장/적자 (위험),"⚡ 변동성 확대 (5.64%, 벌점 1.177x)",true,2.44,4.35,,17.94,436,0.74,11.59,200,3.2,총 401억원 (배당 기준),9.97,784,10182,18.0,430,-1.4,615
2026-08-09,190,녹십자,006280,129900.0,,,⚠️ 데이터 검증 필요,"⚡ 변동성 확대 (2.74%, 벌점 1.076x)",true,-0.38,13.85,,,,1.21,15.62,1500,1.15,총 175억원 (배당 기준),,,,8.0,15440,,
2026-08-09,191,미래에셋증권2우B,00680K,11060.0,73,80,🟢 강력 저평가,"⚡ 변동성 확대 (5.75%, 벌점 1.181x)",false,12.36,22.63,,3.47,3187,0.46,28.26,300,2.71,총 409억원 (배당 기준),0.07,27650,41522,2.0,4726,48.3,27650
2026-08-09,192,HJ중공업,097230,16700.0,29,50,🔵 Trailing만 검증됨 (Forward 데이터 없음),"⚡ 변동성 확대 (5.67%, 벌점 1.178x)",false,10.15,22.04,,20.29,823,2.17,17.02,0,0.0,무배당 (배당 공시 확인됨),,,11938,,,,
2026-08-09,193,아시아나항공,020560,7310.0,,,⚠️ 데이터 검증 필요,"⚡ 변동성 확대 (2.31%, 벌점 1.061x)",true,-34.48,,,,,3.03,10.47,0,0.0,무배당 (배당 공시 확인됨),,,,,,,
2026-08-09,194,대웅제약,069620,129000.0,10,50,🔴 실적 역성장/적자 (위험),"⚡ 변동성 확대 (3.97%, 벌점 1.119x)",false,21.75,16.79,,7.48,17249,1.45,8.68,600,0.47,총 69억원 (배당 기준),,,185816,8.0,15931,-7.6,
2026-08-09,195,IPARK현대산업개발,294870,22650.0,60,80,🟢 강력 저평가,"⚡ 변동성 확대 (3.53%, 벌점 1.104x)",true,5.0,10.91,,9.74,2325,0.44,10.36,700,3.09,총 461억원 (배당 기준),0.07,56625,51893,4.0,5546,138.5,56625
2026-08-09,196,세아베스틸지주,001430,41600.0,57,80,🟢 강력 저평가,"⚡ 변동성 확대 (5.75%, 벌점 1.181x)",true,2.89,5.06,,20.77,2003,0.77,11.31,1200,2.88,총 430억원 (배당 기준),0.5,50075,49344,15.0,2779,38.7,69475
2026-08-09,197,효성티앤씨,298020,339000.0,37,80,🟢 강력 저평가,"⚡ 변동성 확대 (4.03%, 벌점 1.121x)",true,0.72,15.77,,50.13,6763,0.90,6.49,10100,2.98,총 437억원 (배당 기준),0.06,169075,239408,5.0,61734,812.8,847500
2026-08-09,198,롯데렌탈,089860,40400.0,59,80,🟢 저평가,"⚡ 변동성 확대 (2.93%, 벌점 1.083x)",false,8.39,8.71,,11.37,3553,0.94,4.10,1200,2.97,총 435억원 (배당 기준),0.93,43595,58616,10.0,3884,9.3,42798
2026-08-09,199,LX인터내셔널,001120,37800.0,62,80,🟢 강력 저평가,"⚡ 변동성 확대 (4.25%, 벌점 1.129x)",true,5.22,9.48,,14.08,2685,0.48,4.39,2000,5.29,총 775억원 (배당 기준),0.08,67125,68975,5.0,7001,160.7,94500
2026-08-09,200,HD현대에너지솔루션,322000,127800.0,26,50,🔵 Trailing만 검증됨 (Forward 데이터 없음),"⚡ 변동성 확대 (11.18%, 벌점 1.371x)",false,10.59,24.62,,22.02,5805,3.25,24.27,0,0.0,무배당 (배당 공시 확인됨),,,71666,,,,
2026-08-09,201,LS에코에너지,229640,45450.0,37,80,🔴 목표가 초과 (고평가 관망),"⚡ 변동성 확대 (9.11%, 벌점 1.299x)",false,21.43,22.77,,32.14,1414,6.02,19.68,250,0.55,총 76억원 (배당 기준),1.39,32592,15498,26.0,1732,22.5,33490
2026-08-10,1,삼성전자,005930,230000.0,40,80,🟢 강력 저평가,"⚡ 변동성 확대 (8.62%, 벌점 1.282x)",false,10.85,55.9,,18.59,12372,3.20,15.31,566,0.73,"총 33,089억원 (배당 기준)",0.06,309300,141449,5.0,47929,287.4,575000
2026-08-10,2,SK하이닉스,000660,1420000.0,43,80,🟢 강력 저평가,"⚡ 변동성 확대 (10.32%, 벌점 1.341x)",false,44.15,101.22,,13.72,103521,6.12,16.82,1875,0.21,"총 13,696억원 (배당 기준)",0.06,2588025,735147,4.0,345914,234.1,3550000
2026-08-10,3,삼성전자우,005935,172000.0,42,80,🟢 강력 저평가,"⚡ 변동성 확대 (8.32%, 벌점 1.271x)",false,10.85,55.9,,13.9,12372,2.39,15.31,567,0.97,"총 4,549억원 (배당 기준)",0.05,309300,141539,4.0,47929,287.4,430000
2026-08-10,4,SK스퀘어,402340,949000.0,53,80,🟢 강력 저평가,"⚡ 변동성 확대 (11.0%, 벌점 1.365x)",false,37.82,90.78,,8.06,117759,3.47,13.78,0,0.0,무배당 (배당 공시 확인됨),0.05,2372500,851249,3.0,296272,151.6,2372500
2026-08-10,5,삼성전기,009150,1274000.0,16,80,🔴 목표가 초과 (고평가 관망),"⚡ 변동성 확대 (11.41%, 벌점 1.379x)",true,7.7,14.89,,120.34,10587,9.81,52.41,2350,0.18,"총 1,755억원 (배당 기준)",1.39,264675,175885,65.0,19742,86.5,493550
2026-08-10,6,LG에너지솔루션,373220,367500.0,,,⚠️ 데이터 검증 필요,"⚡ 변동성 확대 (3.99%, 벌점 1.12x)",true,-5.19,-1.88,,,,3.88,31.08,0,0.0,무배당 (배당 공시 확인됨),,,,,,,
2026-08-10,7,현대차,005380,408000.0,64,80,🟢 강력 저평가,"⚡ 변동성 확대 (4.55%, 벌점 1.139x)",false,8.41,8.45,,12.58,32437,0.89,11.37,2500,2.45,"총 5,118억원 (배당 기준)",0.64,637387,578424,11.0,38028,17.2,636638
2026-08-10,8,삼성바이오로직스,207940,1569000.0,30,80,🔴 목표가 초과 (고평가 관망),"⚡ 변동성 확대 (3.37%, 벌점 1.098x)",false,19.44,20.98,,50.98,30779,9.16,26.45,0,0.0,무배당 (배당 공시 확인됨),1.61,769475,344415,39.0,40521,31.7,1013025
2026-08-10,9,KB금융,105560,171700.0,69,80,🟢 강력 저평가,"⚡ 변동성 확대 (2.7%, 벌점 1.075x)",false,9.98,11.01,,10.86,15817,1.03,20.49,1605,2.54,"총 5,692억원 (배당 기준)",0.58,297992,243568,9.0,18392,16.3,319655
2026-08-10,10,한화에어로스페이스,012450,1152000.0,47,80,🟡 목표가 달성 (적정가),"⚡ 변동성 확대 (5.45%, 벌점 1.171x)",false,19.14,21.35,,36.18,31839,5.95,15.54,7000,0.61,"총 3,609억원 (배당 기준)",0.89,795975,372425,26.0,44528,39.9,1113200
2026-08-10,11,삼성생명,032830,280500.0,4,80,🔴 극단적 고평가 (위험),"⚡ 변동성 확대 (6.33%, 벌점 1.202x)",true,4.96,3.28,,19.54,14356,0.62,25.01,5300,1.89,"총 10,600억원 (배당 기준)",6.76,41488,382277,19.0,14506,1.0,32341
2026-08-10,12,HD현대중공업,329180,532000.0,68,80,🟢 강력 저평가,"⚡ 변동성 확대 (4.33%, 벌점 1.132x)",false,18.82,30.52,,26.29,20237,5.75,21.18,3990,1.06,"총 4,187억원 (배당 기준)",0.51,505925,205251,17.0,30527,50.8,763175
2026-08-10,13,삼성물산,028260,336000.0,13,80,🔴 극단적 고평가 (위험),"⚡ 변동성 확대 (7.01%, 벌점 1.225x)",true,6.02,4.98,,22.53,14912,0.88,12.26,2800,0.83,"총 4,540억원 (배당 기준)",1.92,174917,357921,20.0,16532,10.9,149041
2026-08-10,14,기아,000270,135500.0,78,80,🟢 강력 저평가,"⚡ 변동성 확대 (4.61%, 벌점 1.141x)",false,12.92,13.28,,7.62,17772,0.85,2.83,6800,5.02,"총 26,548억원 (배당 기준)",0.27,338750,252476,6.0,21865,23.0,338750
2026-08-10,15,두산에너빌리티,034020,79900.0,13,80,🔴 극단적 고평가 (위험),"⚡ 변동성 확대 (5.33%, 벌점 1.167x)",true,1.11,3.93,,331.54,241,6.37,39.72,0,0.0,무배당 (배당 공시 확인됨),3.17,6025,8247,162.0,493,104.6,12325
2026-08-10,16,신한지주,055550,106400.0,66,80,🟢 강력 저평가,"⚡ 변동성 확대 (2.41%, 벌점 1.064x)",false,8.72,9.91,,10.15,10486,0.85,21.77,880,2.43,"총 4,131억원 (배당 기준)",0.48,221569,171853,9.0,12446,18.7,242864
2026-08-10,17,셀트리온,068270,201000.0,43,85,🔴 목표가 초과 (고평가 관망),🟢 정상 (1.98%),true,5.94,8.83,,38.46,5226,2.62,33.54,715,0.36,"총 1,662억원 (배당 기준)",1.32,130650,94978,30.0,6727,28.7,168175
2026-08-10,18,현대모비스,012330,505000.0,60,80,🟢 강력 저평가,"⚡ 변동성 확대 (4.03%, 벌점 1.121x)",true,7.68,8.08,,13.19,38292,0.89,8.15,5000,1.29,"총 4,536억원 (배당 기준)",0.64,788432,699191,11.0,45680,19.3,811592
2026-08-10,19,삼성SDI,006400,481500.0,,,⚠️ 데이터 검증 필요,"⚡ 변동성 확대 (6.29%, 벌점 1.2x)",true,-3.15,3.05,,,,1.68,440.78,973,0.2,총 784억원 (배당 기준),,,,58.0,8244,,
2026-08-10,20,SK,034730,513000.0,45,80,🟢 강력 저평가,"⚡ 변동성 확대 (7.7%, 벌점 1.25x)",true,6.35,31.07,,14.26,35981,0.96,9.10,6500,1.56,"총 4,712억원 (배당 기준)",0.06,899525,657735,4.0,125347,248.4,1282500
2026-08-10,21,하나금융지주,086790,130400.0,68,80,🟢 강력 저평가,"⚡ 변동성 확대 (2.35%, 벌점 1.062x)",false,9.17,9.61,,8.99,14513,0.78,19.69,1366,3.15,"총 3,747억원 (배당 기준)",0.65,199553,233648,8.0,16056,10.6,203744
2026-08-10,22,NAVER,035420,211500.0,5,80,🔴 극단적 고평가 (위험),"⚡ 변동성 확대 (5.3%, 벌점 1.165x)",true,7.37,6.37,,18.36,11521,1.07,9.54,2630,1.24,"총 4,127억원 (배당 기준)",4.78,44240,226360,18.0,11818,2.6,37126
2026-08-10,23,LS ELECTRIC,010120,208500.0,16,80,🔴 목표가 초과 (고평가 관망),"⚡ 변동성 확대 (8.95%, 벌점 1.293x)",false,14.67,23.81,,92.75,2248,14.99,55.02,600,0.29,총 900억원 (배당 기준),1.53,56200,26524,58.0,3608,60.5,90200
2026-08-10,24,LG전자,066570,190000.0,49,80,🟢 강력 저평가,"⚡ 변동성 확대 (5.61%, 벌점 1.176x)",true,4.28,9.01,,35.06,5420,1.34,5.99,850,0.71,"총 1,384억원 (배당 기준)",0.26,135500,131497,15.0,12631,133.0,315775
2026-08-10,25,한화오션,042660,94400.0,60,80,🟢 강력 저평가,"⚡ 변동성 확대 (5.09%, 벌점 1.158x)",false,22.59,27.32,,18.9,4994,4.24,23.12,0,0.0,무배당 (배당 공시 확인됨),0.66,124850,50017,15.0,6425,28.7,160625
2026-08-10,26,HD한국조선해양,009540,404000.0,74,80,🟢 강력 저평가,"⚡ 변동성 확대 (4.54%, 벌점 1.139x)",false,17.78,26.52,,11.36,35568,2.11,4.80,9100,3.05,"총 6,440억원 (배당 기준)",0.21,889200,391445,8.0,53747,51.1,1010000
2026-08-10,27,삼성화재,000810,630000.0,46,80,🟡 목표가 달성 (적정가),"⚡ 변동성 확대 (4.48%, 벌점 1.137x)",false,10.97,9.28,,15.17,41543,1.11,9.27,19500,3.1,"총 8,706억원 (배당 기준)",1.02,618990,728365,14.0,46458,11.8,594996
2026-08-10,28,HD현대일렉트릭,267260,764000.0,36,80,🔴 목표가 초과 (고평가 관망),"⚡ 변동성 확대 (7.56%, 벌점 1.245x)",false,41.5,40.56,,35.01,21822,13.22,25.03,5200,0.93,"총 1,874억원 (배당 기준)",1.55,493831,168449,29.0,26555,21.7,555084
2026-08-10,29,효성중공업,298040,2934000.0,35,80,🔴 목표가 초과 (고평가 관망),"⚡ 변동성 확대 (9.64%, 벌점 1.317x)",false,24.41,28.59,,54.18,54157,11.40,32.42,7500,0.26,총 699억원 (배당 기준),1.02,1353925,560011,35.0,82830,52.9,2070750
2026-08-10,30,POSCO홀딩스,005490,336000.0,49,80,🟢 강력 저평가,"⚡ 변동성 확대 (3.19%, 벌점 1.092x)",true,1.18,3.32,,33.06,10164,0.45,6.92,2500,2.98,"총 1,981억원 (배당 기준)",0.25,254100,413225,14.0,23552,131.7,588800
2026-08-10,31,고려아연,010130,1235000.0,58,80,🟢 저평가,"⚡ 변동성 확대 (5.95%, 벌점 1.188x)",false,8.48,11.38,,25.75,47960,2.25,15.41,20000,1.62,"총 4,174억원 (배당 기준)",0.78,1199000,769614,20.0,62943,31.2,1573575
2026-08-10,32,우리금융지주,316140,33350.0,55,80,🟡 적정가 형성,"⚡ 변동성 확대 (2.63%, 벌점 1.072x)",false,8.91,8.58,,7.91,4216,0.64,12.22,760,4.08,"총 5,533억원 (배당 기준)",0.93,35751,70307,8.0,4400,4.4,33814
2026-08-10,33,한국전력,015760,35700.0,10,50,🔴 실적 역성장/적자 (위험),"⚡ 변동성 확대 (2.93%, 벌점 1.083x)",false,19.4,11.43,,2.63,13567,0.46,5.51,1542,4.32,"총 9,899억원 (배당 기준)",,,153918,4.0,9011,-33.6,
2026-08-10,34,SK이노베이션,096770,124500.0,,,⚠️ 데이터 검증 필요,"⚡ 변동성 확대 (6.04%, 벌점 1.191x)",true,-14.42,11.41,,,,0.89,15.26,2000,1.61,"총 3,381억원 (배당 기준)",,,,8.0,15839,,
2026-08-10,35,메리츠금융지주,138040,123500.0,45,80,🟡 목표가 달성 (적정가),"⚡ 변동성 확대 (3.08%, 벌점 1.088x)",false,22.53,22.89,,9.26,13340,1.90,15.93,1350,1.09,"총 2,259억원 (배당 기준)",1.16,106586,139677,9.0,14254,6.9,114172
2026-08-10,36,미래에셋증권,006800,36400.0,67,80,🟢 강력 저평가,"⚡ 변동성 확대 (6.01%, 벌점 1.19x)",false,12.36,22.63,,11.42,3187,1.50,28.26,298,0.82,"총 1,667억원 (배당 기준)",0.23,79675,41715,8.0,4726,48.3,91000
2026-08-10,37,HMM,011200,21450.0,63,80,🟢 강력 저평가,"⚡ 변동성 확대 (2.01%, 벌점 1.05x)",true,6.9,6.22,,14.03,1529,0.73,4.81,700,3.26,"총 6,602억원 (배당 기준)",0.68,31742,31794,12.0,1796,17.5,33797
2026-08-10,38,두산,000150,1233000.0,16,80,🔴 목표가 초과 (고평가 관망),"⚡ 변동성 확대 (9.3%, 벌점 1.305x)",true,4.99,24.8,,287.68,4286,9.99,14.08,4000,0.32,총 647억원 (배당 기준),0.67,107150,109098,54.0,22687,429.3,567175
2026-08-10,39,삼성중공업,010140,22550.0,60,80,🟢 강력 저평가,"⚡ 변동성 확대 (4.37%, 벌점 1.133x)",false,13.74,20.28,,35.74,631,4.27,17.94,0,0.0,무배당 (배당 공시 확인됨),0.52,15775,8659,21.0,1068,69.3,26700
2026-08-10,40,LG화학,051910,278000.0,,,⚠️ 데이터 검증 필요,"⚡ 변동성 확대 (4.02%, 벌점 1.121x)",true,-5.5,-1.03,,,,0.62,9.55,2000,0.72,"총 1,411억원 (배당 기준)",,,,,,,
2026-08-10,41,한미반도체,042700,205500.0,30,50,🔵 Trailing만 검증됨 (Forward 데이터 없음),"⚡ 변동성 확대 (10.99%, 벌점 1.365x)",false,34.76,42.53,,110.07,1867,30.65,68.66,800,0.39,총 762억원 (배당 기준),,,16782,,,,
2026-08-10,42,KT&G,033780,185700.0,74,80,🟢 강력 저평가,"⚡ 변동성 확대 (2.0%, 벌점 1.05x)",false,11.77,14.22,,18.29,10155,2.08,12.32,4600,3.23,"총 4,775억원 (배당 기준)",0.69,253875,142825,15.0,12525,23.3,313125
2026-08-10,43,SK텔레콤,017670,85000.0,36,80,🟢 강력 저평가,"⚡ 변동성 확대 (6.0%, 벌점 1.19x)",true,3.33,10.03,,49.82,1706,1.36,6.01,1660,1.95,"총 3,565억원 (배당 기준)",0.19,42650,48980,14.0,6238,265.7,155950
2026-08-10,44,LIG디펜스앤에어로스페이스,079550,823000.0,10,80,🔴 극단적 고평가 (위험),"⚡ 변동성 확대 (8.09%, 벌점 1.263x)",false,19.2,23.26,,58.23,14133,11.91,38.53,2950,0.36,총 649억원 (배당 기준),3.04,270788,148236,49.0,16795,18.8,278682
2026-08-10,45,HD현대,267250,226000.0,67,80,🟢 강력 저평가,"⚡ 변동성 확대 (4.46%, 벌점 1.136x)",false,10.25,30.89,,11.71,19302,1.46,2.86,1300,1.77,"총 1,026억원 (배당 기준)",0.09,482550,259281,5.0,43327,124.5,565000
2026-08-10,46,카카오,035720,39550.0,31,80,🔴 목표가 초과 (고평가 관망),"⚡ 변동성 확대 (2.47%, 벌점 1.066x)",true,4.59,5.27,,35.6,1111,1.52,7.51,75,0.19,총 332억원 (배당 기준),1.5,26430,25503,29.0,1373,23.6,28922
2026-08-10,47,삼성에스디에스,018260,222500.0,13,80,🔴 극단적 고평가 (위험),"⚡ 변동성 확대 (4.8%, 벌점 1.148x)",true,7.89,6.93,,26.88,8277,1.73,7.29,3190,1.43,"총 2,468억원 (배당 기준)",2.27,97916,154764,24.0,9137,10.4,90172
2026-08-10,48,현대로템,064350,150200.0,22,80,🔴 목표가 초과 (고평가 관망),"⚡ 변동성 확대 (6.33%, 벌점 1.202x)",false,30.05,25.77,,20.17,7448,5.09,13.98,600,0.4,총 654억원 (배당 기준),1.85,81183,70321,18.0,8231,10.5,83201
2026-08-10,49,LG,003550,107600.0,49,80,🟢 강력 저평가,"⚡ 변동성 확대 (3.39%, 벌점 1.099x)",true,2.64,4.03,,34.33,3134,0.55,12.23,2100,2.88,"총 3,175억원 (배당 기준)",0.24,78350,117453,14.0,7615,143.0,190375
2026-08-10,50,기업은행,024110,20250.0,75,85,🟢 강력 저평가,🟢 정상 (1.76%),true,7.7,7.49,,6.09,3325,0.44,63.36,1048,5.18,"총 8,357억원 (배당 기준)",0.59,34181,58678,6.0,3496,5.1,34587
2026-08-10,51,S-Oil,010950,139600.0,40,80,🟢 강력 저평가,"⚡ 변동성 확대 (4.89%, 벌점 1.151x)",true,2.01,27.67,,17.27,8083,1.70,20.93,330,0.24,총 371억원 (배당 기준),0.09,202075,122207,6.0,24109,198.3,349000
2026-08-10,52,현대글로비스,086280,203000.0,11,50,🔴 실적 역성장/적자 (위험),"⚡ 변동성 확대 (2.92%, 벌점 1.082x)",false,18.13,15.2,,9.08,22348,1.47,5.21,5800,2.86,"총 4,350억원 (배당 기준)",4.02,50506,263512,9.0,22213,-0.6,47635
2026-08-10,53,한국항공우주,047810,154100.0,16,80,🔴 목표가 초과 (고평가 관망),"⚡ 변동성 확대 (6.38%, 벌점 1.203x)",false,10.51,13.82,,75.95,2029,8.06,45.12,500,0.32,총 487억원 (배당 기준),2.1,50725,29544,56.0,2758,35.9,68950
2026-08-10,54,포스코퓨처엠,003670,165500.0,,,🔴 측정 불가 (데이터 오류),"⚡ 변동성 확대 (5.28%, 벌점 1.165x)",true,0.92,0.54,,,,3.55,76.35,250,0.15,총 222억원 (배당 기준),,,,676.0,245,,
2026-08-10,55,한화시스템,272210,77200.0,10,50,🔴 실적 역성장/적자 (위험),"⚡ 변동성 확대 (6.92%, 벌점 1.222x)",true,6.6,2.97,,91.47,844,2.92,48.59,500,0.65,총 944억원 (배당 기준),,,22407,96.0,808,-4.3,
2026-08-10,56,에이피알,278470,387000.0,69,80,🟢 강력 저평가,"⚡ 변동성 확대 (3.65%, 벌점 1.108x)",false,75.3,90.38,,40.75,9498,28.60,35.93,1500,1.32,총 561억원 (배당 기준),0.63,237450,53775,25.0,15540,63.6,388500
2026-08-10,57,KT,030200,52400.0,10,50,🔴 실적 역성장/적자 (위험),🟢 정상 (1.49%),false,10.22,7.91,,8.56,6124,0.69,3.22,600,4.58,"총 1,512억원 (배당 기준)",,,102294,9.0,5690,-7.1,
2026-08-10,58,LG이노텍,011070,555000.0,59,80,🟢 강력 저평가,"⚡ 변동성 확대 (9.04%, 벌점 1.296x)",true,6.14,14.79,,27.09,20484,2.16,7.68,1880,0.34,총 444억원 (배당 기준),0.3,512100,344127,14.0,39030,90.5,975750
2026-08-10,59,현대건설,000720,110600.0,35,80,🔴 목표가 초과 (고평가 관망),"⚡ 변동성 확대 (6.68%, 벌점 1.214x)",true,4.58,5.95,,29.17,3792,1.36,12.96,800,0.72,총 890억원 (배당 기준),1.33,83120,83298,24.0,4596,21.2,78802
2026-08-10,60,현대오토에버,307950,431500.0,9,80,🔴 극단적 고평가 (위험),"⚡ 변동성 확대 (7.15%, 벌점 1.23x)",false,10.27,11.02,,65.45,6593,6.50,24.72,1900,0.44,총 521억원 (배당 기준),3.65,118278,99235,56.0,7745,17.5,112037
2026-08-10,61,크래프톤,259960,242000.0,37,80,🔴 목표가 초과 (고평가 관망),"⚡ 변동성 확대 (3.75%, 벌점 1.111x)",false,10.6,12.59,,13.09,18485,1.45,7.01,2240,0.93,"총 1,033억원 (배당 기준)",1.33,181707,263466,12.0,20134,8.9,179016
2026-08-10,62,한국금융지주,071050,193900.0,78,80,🟢 강력 저평가,"⚡ 변동성 확대 (5.67%, 벌점 1.178x)",false,18.66,22.61,,4.82,40219,0.89,22.33,8690,4.48,"총 4,842억원 (배당 기준)",0.2,484750,444018,4.0,48228,19.9,484750
2026-08-10,63,DB손해보험,005830,162300.0,34,35,🔵 Trailing만 검증됨 (Forward 데이터 없음),"⚡ 변동성 확대 (2.44%, 벌점 1.065x)",false,17.75,,,7.16,22663,0.85,4.11,7600,4.68,"총 4,978억원 (배당 기준)",,,312032,,,,
2026-08-10,64,카카오뱅크,323410,22150.0,48,85,🟡 목표가 달성 (적정가),🟢 정상 (1.87%),true,7.23,8.77,,19.94,1111,1.59,11.82,460,2.08,"총 2,194억원 (배당 기준)",1.21,18309,18661,17.0,1271,14.4,20382
2026-08-10,65,삼성에피스홀딩스,0126Z0,422000.0,,,🔴 데이터 없음 (측정 불가),"⚡ 변동성 확대 (3.57%, 벌점 1.105x)",false,,3.93,,19.9,21211,1.75,2345.68,0,0.0,무배당 (배당 공시 확인됨),,,339242,44.0,9510,-55.2,
2026-08-10,66,NH투자증권,005940,28250.0,79,80,🟢 강력 저평가,"⚡ 변동성 확대 (3.47%, 벌점 1.101x)",false,11.76,16.94,,7.92,3565,1.06,23.11,1300,4.6,"총 4,799억원 (배당 기준)",0.25,70625,46236,6.0,4521,26.8,70625
2026-08-10,67,LS,006260,330000.0,59,80,🟢 강력 저평가,"⚡ 변동성 확대 (8.27%, 벌점 1.269x)",true,5.65,11.8,,30.94,10667,1.78,10.96,2500,0.76,총 780억원 (배당 기준),0.36,266675,210940,17.0,19854,86.1,496350
2026-08-10,68,포스코인터내셔널,047050,56700.0,72,80,🟢 강력 저평가,"⚡ 변동성 확대 (3.79%, 벌점 1.113x)",false,9.27,13.21,,14.67,3864,1.43,9.27,1000,3.26,"총 1,759억원 (배당 기준)",0.38,96600,58713,11.0,5227,35.3,130675
2026-08-10,69,대한항공,003490,26850.0,9,50,🔴 실적 역성장/적자 (위험),"⚡ 변동성 확대 (2.69%, 벌점 1.074x)",true,7.28,3.23,,16.08,1670,0.91,6.84,750,2.79,"총 2,761억원 (배당 기준)",,,33297,28.0,964,-42.3,
2026-08-10,70,삼양식품,003230,1288000.0,63,80,🟢 강력 저평가,"⚡ 변동성 확대 (3.47%, 벌점 1.101x)",false,37.59,37.24,,22.31,57735,6.99,16.95,2600,0.37,총 195억원 (배당 기준),0.74,1443375,489249,17.0,74874,29.7,1871850
2026-08-10,71,삼성E&A,028050,48800.0,63,80,🟢 저평가,"⚡ 변동성 확대 (5.61%, 벌점 1.176x)",false,13.76,14.68,,15.37,3176,1.99,7.52,790,1.62,"총 1,548억원 (배당 기준)",0.75,65171,41862,13.0,3777,18.9,67374
2026-08-10,72,HD현대마린솔루션,443060,204500.0,33,80,🔴 목표가 초과 (고평가 관망),"⚡ 변동성 확대 (4.18%, 벌점 1.126x)",false,33.73,38.43,,30.12,6790,10.82,22.76,1850,1.93,총 829억원 (배당 기준),1.74,117670,53735,26.0,7838,15.4,138727
2026-08-10,73,GS,078930,97300.0,65,80,🟢 강력 저평가,"⚡ 변동성 확대 (4.87%, 벌점 1.15x)",true,5.55,10.41,,7.0,13909,0.60,6.27,3000,3.08,"총 2,786억원 (배당 기준)",0.29,243250,225279,6.0,16872,21.3,243250
2026-08-10,74,한국타이어앤테크놀로지,161390,70000.0,70,80,🟢 강력 저평가,"⚡ 변동성 확대 (3.44%, 벌점 1.1x)",false,9.39,10.55,,7.77,9009,0.67,3.77,1500,3.29,"총 1,858억원 (배당 기준)",0.34,175000,145526,7.0,10751,19.3,175000
2026-08-10,75,삼성증권,016360,93200.0,78,80,🟢 강력 저평가,"⚡ 변동성 확대 (4.88%, 벌점 1.151x)",false,13.09,19.61,,6.88,13546,1.02,12.24,4000,4.29,"총 3,572억원 (배당 기준)",0.16,233000,166880,5.0,18915,39.6,233000
2026-08-10,76,아모레퍼시픽,090430,135800.0,48,80,🟡 목표가 달성 (적정가),"⚡ 변동성 확대 (3.68%, 벌점 1.109x)",true,4.41,6.68,,40.18,3380,1.71,13.34,1240,0.91,총 725억원 (배당 기준),0.66,84500,77714,25.0,5399,59.7,134975
2026-08-10,77,하이브,352820,183900.0,,,⚠️ 데이터 검증 필요,"⚡ 변동성 확대 (5.19%, 벌점 1.162x)",true,-7.33,5.6,,,,2.36,37.49,500,0.27,총 215억원 (배당 기준),,,,42.0,4370,,
2026-08-10,78,키움증권,039490,297500.0,77,80,🟢 강력 저평가,"⚡ 변동성 확대 (5.62%, 벌점 1.177x)",false,18.12,25.18,,5.98,49724,1.13,16.10,11500,3.87,"총 3,016억원 (배당 기준)",0.14,743750,542723,4.0,69526,39.8,743750
2026-08-10,79,한진칼,180640,116700.0,11,35,🔵 Trailing만 검증됨 (Forward 데이터 없음),"⚡ 변동성 확대 (4.93%, 벌점 1.153x)",true,4.75,,,46.91,2488,2.30,611.70,360,0.31,총 240억원 (배당 기준),,,53295,,,,
2026-08-10,80,LG씨엔에스,064400,73600.0,10,80,🔴 극단적 고평가 (위험),"⚡ 변동성 확대 (5.22%, 벌점 1.163x)",false,17.35,15.37,,15.45,4764,2.44,8.93,1100,2.51,"총 1,065억원 (배당 기준)",2.86,25773,56862,15.0,4903,2.9,23448
2026-08-10,81,현대차2우B,005387,201500.0,72,80,🟢 강력 저평가,"⚡ 변동성 확대 (3.95%, 벌점 1.118x)",false,8.41,8.45,,6.21,32437,0.44,11.37,2600,5.01,총 909억원 (배당 기준),0.28,503750,578126,5.0,38028,17.2,503750
2026-08-10,82,대우건설,047040,17030.0,,,⚠️ 데이터 검증 필요,"⚡ 변동성 확대 (7.37%, 벌점 1.238x)",true,-23.89,15.52,,,,1.95,-12.22,0,0.0,무배당 (배당 공시 확인됨),,,,12.0,1372,,
2026-08-10,83,SK바이오팜,326030,88700.0,10,50,🔴 실적 역성장/적자 (위험),"⚡ 변동성 확대 (3.08%, 벌점 1.088x)",false,39.28,33.85,,19.91,4454,7.45,29.10,0,0.0,무배당 (배당 공시 확인됨),,,34542,21.0,4244,-4.7,
2026-08-10,84,HD건설기계,267270,143800.0,59,80,🟢 강력 저평가,"⚡ 변동성 확대 (5.61%, 벌점 1.176x)",true,5.74,16.32,,14.65,9818,1.46,29.61,550,0.38,총 263억원 (배당 기준),0.57,245450,147505,12.0,12291,25.2,276974
2026-08-10,85,이수페타시스,007660,93000.0,47,80,🟡 목표가 달성 (적정가),"⚡ 변동성 확대 (9.37%, 벌점 1.308x)",false,29.64,29.99,,39.21,2372,8.57,25.36,230,0.25,총 168억원 (배당 기준),0.75,59300,24066,26.0,3600,51.8,90000
2026-08-10,86,코웨이,021240,94300.0,41,50,🔵 Trailing만 검증됨 (Forward 데이터 없음),🟢 정상 (1.95%),false,18.14,18.58,,10.25,9201,1.79,6.77,1957,2.08,"총 1,384억원 (배당 기준)",,,104433,,,,
2026-08-10,87,유한양행,000100,82000.0,10,50,🔴 실적 역성장/적자 (위험),"⚡ 변동성 확대 (2.51%, 벌점 1.068x)",false,8.81,6.82,,31.33,2617,2.68,37.24,600,0.73,총 477억원 (배당 기준),,,42446,40.0,2056,-21.4,
2026-08-10,88,LG유플러스,032640,14950.0,67,80,🟢 강력 저평가,"⚡ 변동성 확대 (2.14%, 벌점 1.055x)",true,6.01,8.01,,12.08,1238,0.72,3.48,410,4.41,"총 1,740억원 (배당 기준)",0.29,30950,24049,9.0,1704,37.6,37375
2026-08-10,89,두산밥캣,241560,64900.0,61,80,🟢 강력 저평가,"⚡ 변동성 확대 (4.37%, 벌점 1.133x)",true,5.71,7.41,,14.71,4411,0.82,5.81,500,2.62,총 479억원 (배당 기준),0.44,110275,88629,11.0,5767,30.7,144175
2026-08-10,90,한화솔루션,009830,35250.0,,,⚠️ 데이터 검증 필요,"⚡ 변동성 확대 (7.22%, 벌점 1.233x)",true,-7.01,3.49,,,,0.70,48.33,271,0.77,총 465억원 (배당 기준),,,,22.0,1614,,
2026-08-10,91,카카오페이,377300,44200.0,20,80,🔴 목표가 초과 (고평가 관망),"⚡ 변동성 확대 (4.29%, 벌점 1.13x)",true,2.41,6.51,,98.88,447,3.10,16.68,0,0.0,무배당 (배당 공시 확인됨),0.89,11175,11975,47.0,946,111.6,23650
2026-08-10,92,한화,000880,83800.0,52,80,🟢 강력 저평가,"⚡ 변동성 확대 (3.14%, 벌점 1.09x)",true,3.3,7.69,,18.15,4618,0.60,0.97,1100,1.31,총 775억원 (배당 기준),0.15,115450,120466,8.0,10277,122.5,209500
2026-08-10,93,대한전선,001440,28900.0,16,80,🔴 목표가 초과 (고평가 관망),"⚡ 변동성 확대 (7.9%, 벌점 1.256x)",true,5.48,5.46,,110.31,262,3.39,33.14,0,0.0,무배당 (배당 공시 확인됨),1.38,6550,7089,61.0,472,80.2,11800
2026-08-10,94,산일전기,062040,183800.0,43,80,🔴 목표가 초과 (고평가 관망),"⚡ 변동성 확대 (8.79%, 벌점 1.288x)",false,29.21,30.93,,34.24,5368,9.44,25.25,1250,0.68,총 383억원 (배당 기준),1.3,134200,48494,27.0,6740,25.6,158149
2026-08-10,95,삼성카드,029780,47650.0,11,50,🔴 실적 역성장/적자 (위험),🟢 정상 (1.7%),true,7.45,6.86,,8.94,5332,0.58,27.96,2800,5.88,"총 3,244억원 (배당 기준)",1.95,24420,99278,9.0,5262,-1.3,23068
2026-08-10,96,오리온,271560,137500.0,75,85,🟢 강력 저평가,🟢 정상 (1.96%),false,10.51,12.13,,13.49,10190,1.39,5.77,3500,2.55,"총 1,383억원 (배당 기준)",0.62,222651,150599,11.0,12153,19.3,265835
2026-08-10,97,JB금융지주,175330,28650.0,67,80,🟢 저평가,"⚡ 변동성 확대 (3.71%, 벌점 1.11x)",false,12.36,12.22,,7.68,3731,0.90,18.78,660,3.98,"총 1,231억원 (배당 기준)",0.76,37608,51695,7.0,3959,6.1,36016
2026-08-10,98,대덕전자,353200,107600.0,54,80,🟢 강력 저평가,"⚡ 변동성 확대 (11.12%, 벌점 1.369x)",true,5.37,23.04,,56.1,1918,6.03,33.36,500,0.47,총 247억원 (배당 기준),0.42,47950,27750,24.0,4465,132.8,111625
2026-08-10,99,OCI홀딩스,010060,284500.0,,,⚠️ 데이터 검증 필요,"⚡ 변동성 확대 (10.46%, 벌점 1.346x)",true,-2.27,4.03,,,,1.32,31.24,1000,0.35,총 186억원 (배당 기준),,,,33.0,8632,,
2026-08-10,100,NC,036570,243500.0,4,80,🔴 극단적 고평가 (위험),"⚡ 변동성 확대 (2.93%, 벌점 1.083x)",false,10.79,12.96,,11.46,21244,1.34,33.26,1150,0.47,총 247억원 (배당 기준),5.82,41850,294718,11.0,21561,1.5,39533
2026-08-10,101,한미약품,128940,407500.0,41,80,🔴 목표가 초과 (고평가 관망),"⚡ 변동성 확대 (5.37%, 벌점 1.168x)",false,14.53,15.62,,30.27,13460,3.98,14.76,2000,0.49,총 256억원 (배당 기준),1.32,309445,176091,25.0,16486,22.5,334297
2026-08-10,102,LG디스플레이,034220,9940.0,,,⚠️ 데이터 검증 필요,"⚡ 변동성 확대 (4.11%, 벌점 1.124x)",true,3.44,0.46,,,,0.77,3.29,0,0.0,무배당 (배당 공시 확인됨),,,,160.0,62,,
2026-08-10,103,두산로보틱스,454910,74700.0,,,⚠️ 데이터 검증 필요,"⚡ 변동성 확대 (5.97%, 벌점 1.189x)",true,-14.78,1.98,,,,14.20,-84.24,0,0.0,무배당 (배당 공시 확인됨),,,,,,,
2026-08-10,104,LG생활건강,051900,320000.0,,,⚠️ 데이터 검증 필요,"⚡ 변동성 확대 (3.86%, 벌점 1.115x)",true,-1.82,4.19,,,,0.96,10.37,1000,0.62,총 149억원 (배당 기준),,,,24.0,13547,,
2026-08-10,105,맥쿼리인프라,088980,9980.0,,,⚠️ 데이터 검증 필요,🟢 정상 (0.88%),false,,,,,,,,,,데이터 없음 (배당 정보 미수집),,,,,,,
2026-08-10,106,가온전선,000500,156500.0,27,50,🔵 Trailing만 검증됨 (Forward 데이터 없음),"⚡ 변동성 확대 (11.34%, 벌점 1.377x)",false,10.97,18.59,,83.6,1872,9.30,45.50,56,0.04,총 16억원 (배당 기준),,,26623,,,,
2026-08-10,107,현대차우,005385,197500.0,72,80,🟢 강력 저평가,"⚡ 변동성 확대 (4.04%, 벌점 1.121x)",false,8.41,8.45,,6.09,32437,0.43,11.37,2550,5.09,총 595억원 (배당 기준),0.27,493750,578976,5.0,38028,17.2,493750
2026-08-10,108,SKC,011790,86300.0,,,⚠️ 데이터 검증 필요,"⚡ 변동성 확대 (6.75%, 벌점 1.216x)",true,-73.28,-29.76,,,,3.52,-56.79,0,0.0,무배당 (배당 공시 확인됨),,,,,,,
2026-08-10,109,CJ,001040,145700.0,49,80,🟢 강력 저평가,"⚡ 변동성 확대 (3.09%, 벌점 1.088x)",true,2.69,7.29,,34.4,4236,0.92,3.37,3300,2.27,총 962억원 (배당 기준),0.22,105900,122858,13.0,10862,156.4,271550
2026-08-10,110,엘앤에프,066970,101000.0,,,⚠️ 데이터 검증 필요,"⚡ 변동성 확대 (7.37%, 벌점 1.238x)",true,-76.95,-6.71,,,,5.91,-70.51,0,0.0,무배당 (배당 공시 확인됨),,,,,,,
2026-08-10,111,신세계,004170,432000.0,24,80,🟢 강력 저평가,"⚡ 변동성 확대 (5.76%, 벌점 1.182x)",true,0.32,8.4,,54.39,7942,0.81,8.50,5200,1.2,총 491억원 (배당 기준),0.13,198550,308713,11.0,41089,417.4,1027225
2026-08-10,112,영원무역,111770,90500.0,64,80,🟢 저평가,"⚡ 변동성 확대 (2.44%, 벌점 1.065x)",false,12.66,13.71,,7.24,12493,0.90,5.02,1400,2.32,총 620억원 (배당 기준),0.69,130177,168123,7.0,13504,8.1,134013
2026-08-10,113,한화생명,088350,4610.0,56,65,🟢 강력 저평가,"⚡ 변동성 확대 (3.68%, 벌점 1.109x)",true,6.51,,,5.41,852,0.23,13.25,150,3.25,"총 1,302억원 (배당 기준)",0.37,11525,19602,5.0,950,11.5,11525
2026-08-10,114,DB하이텍,000990,91900.0,67,80,🟢 강력 저평가,"⚡ 변동성 확대 (7.85%, 벌점 1.255x)",false,12.52,15.86,,13.62,6746,1.70,6.68,810,0.88,총 352억원 (배당 기준),0.53,168650,90583,11.0,8413,24.7,176999
2026-08-10,115,한화엔진,082740,46450.0,11,50,🔴 실적 역성장/적자 (위험),"⚡ 변동성 확대 (6.76%, 벌점 1.217x)",false,36.6,30.6,,18.71,2483,6.35,21.57,0,0.0,무배당 (배당 공시 확인됨),,,20216,19.0,2412,-2.9,
2026-08-10,116,한온시스템,018880,3765.0,,,⚠️ 데이터 검증 필요,"⚡ 변동성 확대 (4.05%, 벌점 1.122x)",true,-6.0,6.52,,,,0.97,6.56,278,7.38,"총 2,853억원 (배당 기준)",,,,15.0,246,,
2026-08-10,117,현대제철,004020,28900.0,,,⚠️ 데이터 검증 필요,"⚡ 변동성 확대 (4.15%, 벌점 1.125x)",true,-0.04,0.56,,535.19,54,0.20,5.75,500,1.73,총 667억원 (배당 기준),0.38,1350,13250,35.0,821,1420.4,20525
2026-08-10,118,한전기술,052690,100900.0,16,80,🔴 목표가 초과 (고평가 관망),"⚡ 변동성 확대 (5.17%, 벌점 1.161x)",false,14.2,10.42,,114.92,878,6.52,63.78,1347,1.34,총 514억원 (배당 기준),1.19,21950,17485,59.0,1714,95.2,42850
2026-08-10,119,KCC,002380,441000.0,75,80,🟢 강력 저평가,"⚡ 변동성 확대 (5.34%, 벌점 1.167x)",false,23.51,20.39,,2.29,192585,0.40,8.76,14000,3.4,"총 1,203억원 (배당 기준)",0.29,1102500,2185706,2.0,201206,4.5,1102500
2026-08-10,120,현대해상,001450,41000.0,35,35,🔵 Trailing만 검증됨 (Forward 데이터 없음),"⚡ 변동성 확대 (3.2%, 벌점 1.092x)",false,20.6,,,3.48,11772,0.57,3.50,2063,5.03,"총 1,758억원 (배당 기준)",,,138029,,,,
2026-08-10,121,넷마블,251270,40250.0,59,80,🟢 강력 저평가,"⚡ 변동성 확대 (2.99%, 벌점 1.085x)",true,4.15,8.71,,9.57,4204,0.57,8.44,876,2.18,총 717억원 (배당 기준),0.22,100625,81727,7.0,5944,41.4,100625
2026-08-10,122,한국가스공사,036460,35700.0,44,80,🟢 강력 저평가,"⚡ 변동성 확대 (2.11%, 벌점 1.054x)",true,1.23,8.86,,10.49,3403,0.27,9.55,1154,3.23,"총 1,065억원 (배당 기준)",0.05,85075,100618,3.0,10764,216.3,89250
2026-08-10,123,포스코DX,022100,21350.0,18,35,🔵 Trailing만 검증됨 (Forward 데이터 없음),"⚡ 변동성 확대 (5.05%, 벌점 1.157x)",false,9.53,,,94.05,227,5.82,39.04,125,0.58,총 190억원 (배당 기준),,,4329,,,,
2026-08-10,124,금호석유화학,011780,125100.0,55,80,🟢 강력 저평가,"⚡ 변동성 확대 (3.49%, 벌점 1.102x)",true,4.74,6.61,,13.95,8970,0.50,5.66,1700,1.36,총 427억원 (배당 기준),0.2,224250,224715,8.0,14974,66.9,312750
2026-08-10,125,한미사이언스,008930,45700.0,20,35,🔵 Trailing만 검증됨 (Forward 데이터 없음),"⚡ 변동성 확대 (3.18%, 벌점 1.091x)",false,13.13,,,22.98,1989,3.10,47.27,300,0.66,총 205억원 (배당 기준),,,25685,,,,
2026-08-10,126,강원랜드,035250,14600.0,76,85,🟢 강력 저평가,🟢 정상 (1.16%),false,8.11,7.77,,11.03,1324,0.77,-0.03,950,6.51,"총 2,032억원 (배당 기준)",0.66,22124,23767,10.0,1459,10.2,23519
2026-08-10,127,팬오션,028670,5830.0,61,80,🟢 강력 저평가,"⚡ 변동성 확대 (5.14%, 벌점 1.16x)",true,5.3,7.89,,9.62,606,0.51,6.79,150,2.57,총 801억원 (배당 기준),0.2,14575,12485,7.0,886,46.2,14575
2026-08-10,128,CJ제일제당,097950,205500.0,,,⚠️ 데이터 검증 필요,🟢 정상 (1.73%),true,-7.67,5.4,,,,0.44,4.71,1500,2.92,총 225억원 (배당 기준),,,,9.0,23833,,
2026-08-10,129,서울보증보험,031210,44250.0,30,35,🔵 Trailing만 검증됨 (Forward 데이터 없음),🟢 정상 (1.84%),true,5.18,,,10.08,4390,0.62,6.67,2865,6.47,"총 2,000억원 (배당 기준)",,,83962,,,,
2026-08-10,130,달바글로벌,483650,241500.0,61,80,🟢 저평가,"⚡ 변동성 확대 (5.38%, 벌점 1.168x)",false,52.59,53.65,,32.53,7425,12.94,28.68,403,1.09,총 50억원 (배당 기준),0.82,185625,55838,23.0,10305,38.8,257625
2026-08-10,131,롯데쇼핑,023530,106400.0,50,80,🟢 강력 저평가,"⚡ 변동성 확대 (4.79%, 벌점 1.148x)",true,0.34,2.44,,18.4,5782,0.20,9.08,2800,3.76,총 792억원 (배당 기준),0.14,144550,263079,8.0,13221,128.7,266000
2026-08-10,132,GS건설,006360,34900.0,44,80,🟢 강력 저평가,"⚡ 변동성 확대 (9.49%, 벌점 1.312x)",true,2.03,3.15,,45.8,762,0.61,8.31,500,1.43,총 427억원 (배당 기준),0.34,19050,31320,20.0,1786,134.4,44650
2026-08-10,133,일진전기,103590,62600.0,66,80,🟢 강력 저평가,"⚡ 변동성 확대 (7.07%, 벌점 1.227x)",false,19.08,24.39,,25.53,2452,4.95,16.23,500,0.8,총 238억원 (배당 기준),0.68,61300,26414,19.0,3352,36.7,83800
2026-08-10,134,한올바이오파마,009420,56900.0,,,🔴 측정 불가 (데이터 오류),"⚡ 변동성 확대 (6.46%, 벌점 1.206x)",true,-3.37,0.13,,,,17.80,1071.17,0,0.0,무배당 (배당 공시 확인됨),,,,14225.0,4,,
2026-08-10,135,SK바이오사이언스,302440,37250.0,,,⚠️ 데이터 검증 필요,"⚡ 변동성 확대 (2.43%, 벌점 1.065x)",true,-3.2,,,,,1.65,-75.57,0,0.0,무배당 (배당 공시 확인됨),,,,,,,
2026-08-10,136,에스원,012750,75800.0,31,85,🔴 목표가 초과 (고평가 관망),🟢 정상 (1.57%),false,10.45,9.42,,18.22,4160,1.53,5.01,3200,4.22,"총 1,215억원 (배당 기준)",1.65,45843,68097,17.0,4443,6.8,47909
2026-08-10,137,현대엘리베이터,017800,73400.0,47,50,🔵 Trailing만 검증됨 (Forward 데이터 없음),"⚡ 변동성 확대 (2.32%, 벌점 1.061x)",false,20.11,12.54,,11.28,6507,2.78,9.66,12010,19.09,"총 4,694억원 (배당 기준)",,,62174,,,,
2026-08-10,138,DN오토모티브,007340,48450.0,40,50,🔵 Trailing만 검증됨 (Forward 데이터 없음),"⚡ 변동성 확대 (5.46%, 벌점 1.171x)",false,15.02,16.04,,9.71,4990,1.17,6.99,500,2.06,총 292억원 (배당 기준),,,68186,,,,
2026-08-10,139,DL이앤씨,375500,72900.0,11,50,🔴 실적 역성장/적자 (위험),"⚡ 변동성 확대 (5.32%, 벌점 1.166x)",true,7.34,9.05,,6.26,11652,0.57,4.25,890,1.22,총 344억원 (배당 기준),,1398,183112,6.0,11520,-1.1,1156
2026-08-10,140,에코프로머티,450080,39150.0,6,35,🔵 Trailing만 검증됨 (Forward 데이터 없음),"⚡ 변동성 확대 (5.99%, 벌점 1.19x)",true,2.56,,,64.82,604,2.55,-79.25,0,0.0,무배당 (배당 공시 확인됨),,,14445,,,,
2026-08-10,141,iM금융지주,139130,17270.0,67,80,🟢 강력 저평가,"⚡ 변동성 확대 (3.11%, 벌점 1.089x)",true,7.27,7.55,,6.33,2727,0.44,27.41,700,4.05,"총 1,108억원 (배당 기준)",0.45,38587,49074,6.0,3003,10.1,37572
2026-08-10,142,효성,004800,161600.0,74,80,🟢 강력 저평가,"⚡ 변동성 확대 (6.4%, 벌점 1.204x)",false,14.35,15.25,,8.0,20200,1.09,7.50,5000,3.09,총 837억원 (배당 기준),0.4,404000,259582,7.0,23635,17.0,404000
2026-08-10,143,에스엘,005850,57100.0,79,80,🟢 강력 저평가,"⚡ 변동성 확대 (3.57%, 벌점 1.105x)",false,12.81,14.4,,7.73,7388,1.02,3.51,2770,4.85,"총 1,286억원 (배당 기준)",0.45,126704,96466,7.0,8294,12.3,131300
2026-08-10,144,동서,026960,26550.0,31,35,🔵 Trailing만 검증됨 (Forward 데이터 없음),"⚡ 변동성 확대 (2.01%, 벌점 1.05x)",false,8.48,,,18.36,1446,1.56,38.17,890,4.29,총 887억원 (배당 기준),,,23531,,,,
2026-08-10,145,영원무역홀딩스,009970,201500.0,29,35,🔵 Trailing만 검증됨 (Forward 데이터 없음),"⚡ 변동성 확대 (2.82%, 벌점 1.079x)",false,12.83,,,6.9,29208,0.75,1.11,4176,3.26,총 540억원 (배당 기준),,,420193,,,,
2026-08-10,146,BGF리테일,282330,151000.0,58,80,🟡 적정가 형성,"⚡ 변동성 확대 (4.61%, 벌점 1.141x)",false,15.64,16.75,,12.36,12219,2.05,3.83,4100,2.71,총 708억원 (배당 기준),0.94,160191,142305,11.0,13488,10.4,161113
2026-08-10,147,F&F,383220,67900.0,10,50,🔴 실적 역성장/적자 (위험),"⚡ 변동성 확대 (5.83%, 벌점 1.184x)",false,23.16,23.51,,5.07,13394,1.28,4.63,2700,3.98,"총 1,034억원 (배당 기준)",,,126438,5.0,12701,-5.2,
2026-08-10,148,코리안리,003690,14650.0,31,35,🔵 Trailing만 검증됨 (Forward 데이터 없음),🟢 정상 (1.95%),false,9.03,,,6.46,2267,0.68,4.17,570,3.89,"총 1,007억원 (배당 기준)",,,33150,,,,
2026-08-10,149,한화비전,489790,50600.0,27,80,🟢 강력 저평가,"⚡ 변동성 확대 (7.7%, 벌점 1.25x)",true,5.4,19.84,,75.07,674,2.94,12.39,0,0.0,무배당 (배당 공시 확인됨),0.16,16850,16156,13.0,3786,461.7,94650
2026-08-10,150,HL만도,204320,53800.0,55,80,🟢 강력 저평가,"⚡ 변동성 확대 (5.28%, 벌점 1.165x)",true,3.82,7.3,,21.06,2554,0.89,5.03,750,1.39,총 352억원 (배당 기준),0.3,63850,58938,12.0,4309,68.7,107725
2026-08-10,151,한솔케미칼,014680,232000.0,45,80,🟡 목표가 달성 (적정가),"⚡ 변동성 확대 (5.17%, 벌점 1.161x)",false,14.34,14.98,,17.29,13418,2.29,11.79,2600,1.12,총 280억원 (배당 기준),1.1,210930,174889,15.0,15383,14.6,213452
2026-08-10,152,롯데케미칼,011170,58500.0,,,⚠️ 데이터 검증 필요,"⚡ 변동성 확대 (3.48%, 벌점 1.102x)",true,-15.13,-1.46,,,,0.19,32.83,500,1.71,총 213억원 (배당 기준),,,,,,,
2026-08-10,153,한국콜마,161890,105900.0,39,80,🔴 목표가 초과 (고평가 관망),"⚡ 변동성 확대 (4.16%, 벌점 1.126x)",false,14.69,17.68,,15.92,6651,2.67,10.00,864,0.82,총 203억원 (배당 기준),1.31,80610,77042,14.0,7405,11.3,83475
2026-08-10,154,신영증권,001720,150100.0,32,35,🔵 Trailing만 검증됨 (Forward 데이터 없음),"⚡ 변동성 확대 (3.74%, 벌점 1.111x)",false,8.04,,,16.54,9073,0.59,15.60,7500,5.0,"총 1,233억원 (배당 기준)",,,227893,,,,
2026-08-10,155,한국앤컴퍼니,000240,25950.0,30,35,🔵 Trailing만 검증됨 (Forward 데이터 없음),🟢 정상 (1.83%),true,7.52,,,6.91,3755,0.49,5.45,800,4.24,총 759억원 (배당 기준),,,66891,,,,
2026-08-10,156,풍산,103140,86600.0,65,80,🟢 강력 저평가,"⚡ 변동성 확대 (6.47%, 벌점 1.206x)",true,6.54,12.28,,13.22,6552,1.01,8.18,1700,1.96,총 476억원 (배당 기준),0.21,163800,112429,8.0,10612,62.0,216500
2026-08-10,157,농심,004370,397000.0,45,85,🔴 목표가 초과 (고평가 관망),🟢 정상 (1.92%),true,6.18,6.69,,13.52,29364,0.79,4.56,6000,1.51,총 364억원 (배당 기준),1.23,323297,576210,12.0,32143,9.5,338252
2026-08-10,158,미래에셋생명,085620,17860.0,9,35,🔵 Trailing만 검증됨 (Forward 데이터 없음),"⚡ 변동성 확대 (5.29%, 벌점 1.165x)",true,5.22,,,22.02,811,0.81,8.09,0,0.0,무배당 (배당 공시 확인됨),,,20059,,,,
2026-08-10,159,롯데지주,004990,24050.0,,,⚠️ 데이터 검증 필요,"⚡ 변동성 확대 (2.13%, 벌점 1.055x)",true,-10.51,1.48,,,,0.28,8.08,1250,5.2,"총 1,245억원 (배당 기준)",,,,27.0,897,,
2026-08-10,160,미스토홀딩스,081660,44800.0,77,80,🟢 강력 저평가,"⚡ 변동성 확대 (2.37%, 벌점 1.063x)",false,11.39,13.61,,11.25,3982,1.17,5.61,1040,4.42,총 552억원 (배당 기준),0.33,99550,58572,9.0,5155,29.5,112000
2026-08-10,161,GS리테일,007070,28400.0,46,80,🟢 강력 저평가,"⚡ 변동성 확대 (3.22%, 벌점 1.093x)",true,1.34,6.0,,29.77,954,0.72,4.42,600,2.11,총 501억원 (배당 기준),0.19,23850,29098,12.0,2426,154.3,60650
2026-08-10,162,코스맥스,192820,203500.0,11,50,🔴 실적 역성장/적자 (위험),"⚡ 변동성 확대 (3.5%, 벌점 1.103x)",false,23.86,24.73,,14.76,13790,3.94,10.88,3300,1.62,총 374억원 (배당 기준),,,126592,15.0,13356,-3.1,
2026-08-10,163,케이뱅크,279570,5630.0,15,50,🔵 Trailing만 검증됨 (Forward 데이터 없음),"⚡ 변동성 확대 (3.42%, 벌점 1.1x)",true,5.4,5.01,,16.41,343,0.94,15.65,0,0.0,무배당 (배당 공시 확인됨),,,6799,,,,
2026-08-10,164,이마트,139480,81800.0,6,80,🔴 극단적 고평가 (위험),"⚡ 변동성 확대 (2.59%, 벌점 1.071x)",true,1.27,1.15,,18.03,4536,0.19,6.72,2500,3.06,총 689억원 (배당 기준),4.8,17055,209618,18.0,4566,0.7,14580
2026-08-10,165,현대백화점,069960,103800.0,57,80,🟢 강력 저평가,"⚡ 변동성 확대 (4.89%, 벌점 1.151x)",true,4.64,5.95,,11.29,9192,0.49,3.99,1650,2.07,총 355억원 (배당 기준),0.28,229800,209313,8.0,12652,37.6,259500
2026-08-10,166,두산퓨얼셀,336260,33350.0,,,⚠️ 데이터 검증 필요,"⚡ 변동성 확대 (14.07%, 벌점 1.4x)",true,-30.66,-27.78,,,,7.67,-32.19,0,0.0,무배당 (배당 공시 확인됨),,,,,,,
2026-08-10,167,제일기획,030000,18970.0,77,85,🟢 저평가,🟢 정상 (1.08%),false,13.7,13.94,,10.52,1803,1.26,3.93,1230,6.48,"총 1,415억원 (배당 기준)",0.74,25746,24714,10.0,1943,7.8,28195
2026-08-10,168,현대지에프홀딩스,005440,11820.0,10,50,🔴 실적 역성장/적자 (위험),"⚡ 변동성 확대 (4.3%, 벌점 1.131x)",false,11.18,7.57,,5.58,2118,0.44,3.82,235,2.54,총 430억원 (배당 기준),,,35780,6.0,1850,-12.7,
2026-08-10,169,SK가스,018670,230000.0,74,80,🟢 강력 저평가,"⚡ 변동성 확대 (5.42%, 벌점 1.17x)",false,8.25,13.96,,5.29,43498,0.66,7.62,7000,3.91,총 648억원 (배당 기준),0.28,575000,584007,5.0,49871,14.7,575000
2026-08-10,170,금호타이어,073240,7370.0,60,80,🟢 강력 저평가,"⚡ 변동성 확대 (7.64%, 벌점 1.247x)",false,18.53,18.0,,6.12,1204,0.95,4.00,0,0.0,무배당 (배당 공시 확인됨),0.35,18425,14497,5.0,1417,17.7,18425
2026-08-10,171,한전KPS,051600,46100.0,48,80,🟡 목표가 달성 (적정가),"⚡ 변동성 확대 (2.93%, 벌점 1.083x)",false,9.29,11.38,,14.57,3165,1.58,8.52,1651,3.58,총 742억원 (배당 기준),1.03,44879,45583,13.0,3500,10.6,45588
2026-08-10,172,아모레퍼시픽홀딩스,002790,26450.0,18,35,🔵 Trailing만 검증됨 (Forward 데이터 없음),"⚡ 변동성 확대 (2.44%, 벌점 1.065x)",true,3.64,,,20.16,1312,0.68,1.23,400,1.51,총 305억원 (배당 기준),,,33886,,,,
2026-08-10,173,이수스페셜티케미컬,457190,66900.0,,,⚠️ 데이터 검증 필요,"⚡ 변동성 확대 (5.78%, 벌점 1.182x)",true,0.61,,,,,14.99,148.63,0,0.0,무배당 (배당 공시 확인됨),,,,,,,
2026-08-10,174,HD현대마린엔진,071970,59200.0,10,50,🔴 실적 역성장/적자 (위험),"⚡ 변동성 확대 (7.65%, 벌점 1.248x)",false,41.36,25.63,,11.2,5288,4.02,19.27,0,0.0,무배당 (배당 공시 확인됨),,,41859,16.0,3786,-28.4,
2026-08-10,175,대한조선,439260,50600.0,57,80,🟢 저평가,"⚡ 변동성 확대 (4.54%, 벌점 1.139x)",false,32.19,24.95,,6.86,7377,1.71,4.46,250,0.49,총 95억원 (배당 기준),0.85,59679,70082,6.0,7937,7.6,62457
2026-08-10,176,씨에스윈드,112610,45400.0,,,⚠️ 데이터 검증 필요,"⚡ 변동성 확대 (4.85%, 벌점 1.15x)",true,3.02,14.51,,,,1.56,5.30,1000,2.2,총 421억원 (배당 기준),,,,11.0,4164,,
2026-08-10,177,시프트업,462870,32400.0,10,50,🔴 실적 역성장/적자 (위험),"⚡ 변동성 확대 (2.57%, 벌점 1.07x)",false,22.71,13.25,,9.93,3262,1.96,7.43,0,0.0,무배당 (배당 공시 확인됨),,,34832,15.0,2225,-31.8,
2026-08-10,178,CJ대한통운,000120,78700.0,10,50,🔴 실적 역성장/적자 (위험),"⚡ 변동성 확대 (2.38%, 벌점 1.063x)",true,5.98,5.26,,7.45,10558,0.38,4.49,800,1.02,총 182억원 (배당 기준),,,221808,8.0,9792,-7.3,
2026-08-10,179,두산우,000155,447000.0,34,80,🟢 강력 저평가,"⚡ 변동성 확대 (7.27%, 벌점 1.234x)",true,4.99,24.8,,104.29,4286,3.62,14.08,4050,0.91,총 161억원 (배당 기준),0.24,107150,109123,20.0,22687,429.3,567175
2026-08-10,180,현대위아,011210,64800.0,24,80,🟢 강력 저평가,"⚡ 변동성 확대 (3.61%, 벌점 1.106x)",true,2.75,4.12,,50.31,1288,0.47,2.58,1200,1.85,총 326억원 (배당 기준),0.15,32200,63210,12.0,5544,330.4,138600
2026-08-10,181,코오롱인더,120110,58600.0,51,80,🟢 강력 저평가,"⚡ 변동성 확대 (4.81%, 벌점 1.148x)",true,1.01,5.42,,18.45,3177,0.43,11.12,700,2.22,총 209억원 (배당 기준),0.15,79425,98699,8.0,6904,117.3,146500
2026-08-10,182,SK이터닉스,475150,51300.0,9,80,🔴 극단적 고평가 (위험),"⚡ 변동성 확대 (12.67%, 벌점 1.4x)",false,11.93,10.49,,70.37,729,6.46,25.74,0,0.0,무배당 (배당 공시 확인됨),3.18,16110,11413,58.0,890,22.1,13872
2026-08-10,183,호텔신라,008770,44250.0,,,⚠️ 데이터 검증 필요,"⚡ 변동성 확대 (2.99%, 벌점 1.085x)",true,-14.46,9.9,,,,1.50,18.84,200,0.45,총 78억원 (배당 기준),,,,15.0,2878,,
2026-08-10,184,롯데에너지머티리얼즈,020150,32900.0,,,⚠️ 데이터 검증 필요,"⚡ 변동성 확대 (7.06%, 벌점 1.227x)",true,-10.54,-1.77,,,,1.00,-26.02,200,0.61,총 104억원 (배당 기준),,,,,,,
2026-08-10,185,다우기술,023590,39700.0,33,35,🔵 Trailing만 검증됨 (Forward 데이터 없음),"⚡ 변동성 확대 (3.63%, 벌점 1.107x)",false,15.95,,,2.9,13677,0.47,-18.53,1800,4.53,총 779억원 (배당 기준),,,161225,,,,
2026-08-10,186,SK리츠,395400,5630.0,,,⚠️ 데이터 검증 필요,🟢 정상 (1.86%),true,1.04,,,87.97,64,,87.47,,,데이터 없음 (배당 정보 미수집),,,,,,,
2026-08-10,187,오리온홀딩스,001800,27950.0,27,35,🔵 Trailing만 검증됨 (Forward 데이터 없음),🟢 정상 (1.79%),true,5.01,,,13.01,2149,0.68,0.73,1100,3.94,총 661억원 (배당 기준),,,44581,,,,
2026-08-10,188,동원산업,006040,37750.0,10,50,🔴 실적 역성장/적자 (위험),🟢 정상 (1.98%),false,11.61,9.25,,3.92,9628,0.45,4.48,600,3.05,총 264억원 (배당 기준),,,134807,5.0,7716,-19.9,
2026-08-10,189,SK네트웍스,001740,7980.0,9,50,🔴 실적 역성장/적자 (위험),"⚡ 변동성 확대 (5.61%, 벌점 1.176x)",true,2.44,4.35,,18.3,436,0.75,11.59,200,3.13,총 401억원 (배당 기준),10.58,754,10217,19.0,430,-1.4,592
2026-08-10,190,HJ중공업,097230,17490.0,29,50,🔵 Trailing만 검증됨 (Forward 데이터 없음),"⚡ 변동성 확대 (5.59%, 벌점 1.176x)",false,10.15,22.04,,21.25,823,2.28,17.02,0,0.0,무배당 (배당 공시 확인됨),,,11918,,,,
2026-08-10,191,미래에셋증권2우B,00680K,11490.0,73,80,🟢 강력 저평가,"⚡ 변동성 확대 (5.62%, 벌점 1.177x)",false,12.36,22.63,,3.61,3187,0.47,28.26,300,2.61,총 409억원 (배당 기준),0.07,28725,41869,2.0,4726,48.3,28725
2026-08-10,192,녹십자,006280,133100.0,,,⚠️ 데이터 검증 필요,"⚡ 변동성 확대 (2.75%, 벌점 1.076x)",true,-0.38,13.85,,,,1.24,15.62,1500,1.13,총 175억원 (배당 기준),,,,9.0,15440,,
2026-08-10,193,롯데렌탈,089860,42800.0,47,80,🟡 목표가 달성 (적정가),"⚡ 변동성 확대 (3.09%, 벌점 1.088x)",false,8.39,8.71,,12.05,3553,1.00,4.10,1200,2.8,총 435억원 (배당 기준),1.0,42991,58494,11.0,3884,9.3,42011
2026-08-10,194,세아베스틸지주,001430,43050.0,56,80,🟢 강력 저평가,"⚡ 변동성 확대 (5.72%, 벌점 1.18x)",true,2.89,5.06,,21.49,2003,0.79,11.31,1200,2.79,총 430억원 (배당 기준),0.52,50075,49557,15.0,2779,38.7,69475
2026-08-10,195,효성티앤씨,298020,349500.0,36,80,🟢 강력 저평가,"⚡ 변동성 확대 (4.0%, 벌점 1.12x)",true,0.72,15.77,,51.68,6763,0.92,6.49,10100,2.89,총 437억원 (배당 기준),0.06,169075,240431,6.0,61734,812.8,873750
2026-08-10,196,대웅제약,069620,129500.0,10,50,🔴 실적 역성장/적자 (위험),"⚡ 변동성 확대 (3.97%, 벌점 1.119x)",false,21.75,16.79,,7.51,17249,1.45,8.68,600,0.46,총 69억원 (배당 기준),,,186176,8.0,15931,-7.6,
2026-08-10,197,IPARK현대산업개발,294870,22750.0,60,80,🟢 강력 저평가,"⚡ 변동성 확대 (3.51%, 벌점 1.103x)",true,5.0,10.91,,9.78,2325,0.45,10.36,700,3.08,총 461억원 (배당 기준),0.07,56875,51427,4.0,5546,138.5,56875
2026-08-10,198,아시아나항공,020560,7210.0,,,⚠️ 데이터 검증 필요,"⚡ 변동성 확대 (2.34%, 벌점 1.062x)",true,-34.48,,,,,2.99,10.47,0,0.0,무배당 (배당 공시 확인됨),,,,,,,
2026-08-10,199,LS에코에너지,229640,47900.0,37,80,🔴 목표가 초과 (고평가 관망),"⚡ 변동성 확대 (9.05%, 벌점 1.297x)",false,21.43,22.77,,33.88,1414,6.34,19.68,250,0.52,총 76억원 (배당 기준),1.38,34671,15504,27.0,1753,24.0,36113
2026-08-10,200,LX인터내셔널,001120,37650.0,62,80,🟢 강력 저평가,"⚡ 변동성 확대 (4.25%, 벌점 1.129x)",true,5.22,9.48,,14.02,2685,0.47,4.39,2000,5.31,총 775억원 (배당 기준),0.08,67125,69566,5.0,7001,160.7,94125
2026-08-10,204,HD현대에너지솔루션,322000,120300.0,26,50,🔵 Trailing만 검증됨 (Forward 데이터 없음),"⚡ 변동성 확대 (11.24%, 벌점 1.373x)",false,10.59,24.62,,20.72,5805,3.06,24.27,0,0.0,무배당 (배당 공시 확인됨),,,71658,,,,
